id,edad,genero,promedio_academico,asistencia,estrato_socioeconomico,trabaja,actividades_extracurriculares,situacion_familiar,semestre
1,24,F,4.27,92,6,1,4,Estable,3
2,21,F,2.78,79,2,0,2,Estable,8
3,28,F,2.58,75,5,1,3,Complicada,9
4,25,M,2.25,93,4,0,2,Estable,8
5,22,F,2.98,61,3,0,4,Estable,4
6,24,F,3.68,94,5,1,0,Complicada,6
7,27,F,2.35,99,3,1,4,Complicada,1
8,20,M,3.13,87,6,1,0,Estable,4
9,24,F,2.03,98,1,0,1,Complicada,8
10,28,M,4.46,65,1,0,4,Estable,1
11,28,M,2.39,68,1,0,4,Complicada,3
12,25,M,2.85,79,3,1,3,Complicada,1
13,22,M,2.06,60,5,1,2,Complicada,9
14,21,M,3.3,67,1,1,0,Complicada,2
15,25,M,4.52,82,5,0,0,Estable,9
16,25,F,3.18,62,3,0,3,Complicada,4
17,20,M,2.54,63,6,1,3,Complicada,2
18,23,F,4.26,84,5,0,2,Complicada,4
19,22,F,4.37,97,6,1,2,Estable,10
20,19,M,2.52,74,3,0,4,Estable,6
21,25,F,4.31,80,3,0,1,Complicada,7
22,29,F,4.84,94,4,1,2,Complicada,3
23,23,F,2.5,73,3,0,3,Complicada,3
24,19,F,4.31,95,3,0,2,Complicada,10
25,29,M,4.13,71,2,1,0,Complicada,8
26,22,F,3.42,76,1,1,1,Complicada,5
27,18,M,2.17,98,4,0,4,Estable,4
28,29,F,2.22,68,4,1,0,Complicada,7
29,27,F,4.56,94,4,0,0,Complicada,7
30,23,M,4.97,72,2,1,1,Complicada,9
31,29,F,4.03,74,6,0,4,Complicada,9
32,26,F,3.34,77,3,0,3,Complicada,5
33,18,F,3.94,92,1,1,4,Complicada,8
34,28,M,3.78,65,5,0,2,Estable,10
35,28,F,3.15,86,6,0,0,Estable,1
36,27,M,2.2,82,3,1,2,Estable,9
37,29,F,4.46,86,2,1,3,Estable,8
38,29,M,3.12,93,3,0,2,Estable,6
39,20,M,4.46,97,3,1,4,Estable,3
40,29,F,2.76,73,2,1,2,Complicada,3
41,24,F,2.0,95,4,0,3,Complicada,8
42,21,M,2.48,67,4,0,3,Complicada,5
43,26,M,3.41,94,1,1,3,Complicada,10
44,20,F,4.83,78,1,1,4,Complicada,7
45,22,M,2.31,89,4,1,3,Complicada,5
46,20,F,4.56,73,6,0,0,Estable,8
47,24,F,3.58,79,5,0,3,Complicada,10
48,22,F,4.48,84,3,0,2,Estable,10
49,26,F,2.9,99,5,0,2,Estable,4
50,24,M,4.52,83,3,0,2,Complicada,2
51,19,F,4.32,73,4,0,4,Complicada,3
52,21,M,2.69,85,1,0,2,Complicada,8
53,26,F,2.39,97,6,1,4,Complicada,7
54,29,M,4.6,82,1,1,4,Complicada,2
55,19,F,4.89,81,5,0,3,Complicada,6
56,27,M,2.09,78,1,0,0,Complicada,9
57,26,M,4.19,62,4,0,3,Estable,4
58,27,F,4.73,78,6,1,3,Complicada,9
59,22,F,4.57,68,5,0,4,Complicada,2
60,19,F,4.89,87,6,1,4,Estable,2
61,21,F,4.28,79,3,1,2,Complicada,9
62,29,M,3.33,66,1,1,2,Complicada,7
63,29,F,2.94,73,6,1,3,Estable,7
64,24,M,2.96,68,2,1,1,Complicada,1
65,29,M,4.17,78,1,0,1,Complicada,6
66,25,F,4.24,73,3,0,2,Complicada,7
67,20,M,2.6,97,6,1,1,Complicada,6
68,18,M,4.6,95,5,0,2,Complicada,6
69,21,M,4.14,99,3,1,4,Complicada,2
70,19,M,3.69,76,2,1,3,Estable,6
71,25,F,3.41,89,6,0,0,Complicada,4
72,21,F,3.63,68,4,0,3,Complicada,9
73,19,F,2.48,92,1,0,2,Estable,1
74,23,F,2.61,84,5,0,2,Estable,8
75,23,M,2.27,73,4,0,3,Complicada,5
76,27,M,2.46,70,6,1,2,Estable,1
77,21,F,3.36,94,6,0,1,Complicada,4
78,23,F,3.59,73,3,0,1,Complicada,1
79,19,F,2.05,89,6,0,2,Estable,6
80,27,M,4.39,63,5,1,2,Complicada,2
81,29,F,2.88,63,4,0,1,Complicada,5
82,19,F,4.74,87,5,1,2,Estable,7
83,27,F,4.9,67,2,0,2,Estable,2
84,21,M,2.56,61,2,0,3,Estable,6
85,25,M,3.39,81,1,1,0,Estable,6
86,24,M,2.0,75,1,0,1,Complicada,5
87,29,M,3.79,88,2,0,3,Estable,5
88,26,M,3.82,89,6,1,0,Estable,3
89,25,M,2.74,71,5,0,2,Estable,10
90,22,M,3.68,94,2,1,2,Estable,10
91,19,M,2.68,70,1,1,3,Estable,2
92,22,F,2.48,80,2,1,2,Complicada,7
93,25,F,3.95,80,6,1,4,Estable,1
94,27,M,2.98,64,2,1,3,Complicada,6
95,26,M,3.77,79,5,0,0,Estable,6
96,29,F,3.3,96,4,0,3,Estable,3
97,29,M,4.95,62,6,0,1,Estable,2
98,29,M,2.45,92,1,1,3,Estable,2
99,26,M,3.39,68,5,1,2,Estable,9
100,18,F,4.04,68,2,1,2,Estable,5
101,26,F,3.19,63,2,1,4,Estable,7
102,24,F,4.92,94,4,0,4,Estable,5
103,26,F,4.17,76,1,0,4,Complicada,7
104,25,F,3.97,93,1,1,0,Estable,4
105,18,M,4.27,83,3,1,4,Complicada,8
106,29,F,4.86,91,1,0,0,Estable,10
107,25,M,4.72,60,4,1,4,Complicada,10
108,25,M,4.17,67,3,1,0,Estable,7
109,28,F,4.25,82,3,1,3,Estable,10
110,20,F,2.44,99,2,0,3,Estable,5
111,18,M,2.31,71,2,0,2,Complicada,6
112,25,M,3.71,71,1,1,0,Complicada,5
113,20,M,2.06,74,3,0,1,Complicada,7
114,20,F,3.45,78,2,1,2,Complicada,2
115,18,F,2.63,85,4,1,3,Estable,5
116,28,F,3.04,88,2,0,0,Estable,10
117,22,F,4.33,81,6,1,4,Estable,3
118,27,F,4.82,99,6,1,1,Complicada,9
119,24,M,2.22,80,2,0,3,Estable,6
120,27,F,3.6,97,3,1,2,Complicada,10
121,26,M,4.65,79,3,1,0,Complicada,3
122,29,M,2.25,88,5,1,1,Complicada,7
123,24,M,4.47,63,6,0,0,Complicada,4
124,26,F,3.07,66,4,1,4,Complicada,3
125,25,F,2.97,87,3,0,2,Estable,8
126,29,F,4.93,87,1,1,0,Complicada,4
127,19,M,2.6,63,6,1,3,Complicada,1
128,18,M,4.08,81,4,1,2,Estable,6
129,24,M,4.46,71,4,1,3,Complicada,10
130,24,M,2.12,62,3,0,0,Complicada,1
131,25,M,4.01,81,4,0,2,Estable,5
132,22,M,4.85,61,3,1,3,Estable,7
133,20,F,2.37,83,2,1,4,Estable,6
134,29,F,4.69,93,6,1,4,Complicada,2
135,25,F,3.78,86,5,1,0,Estable,4
136,23,F,3.85,60,2,1,2,Estable,2
137,28,M,3.84,67,6,1,1,Estable,1
138,20,M,2.9,82,3,1,2,Complicada,3
139,18,F,4.81,97,6,1,4,Estable,3
140,20,M,4.84,65,3,0,3,Complicada,7
141,22,F,3.88,81,2,0,1,Complicada,1
142,20,F,4.35,84,1,0,0,Estable,9
143,18,F,3.84,77,1,1,1,Complicada,6
144,22,M,3.45,76,6,1,0,Complicada,4
145,27,F,3.98,71,1,1,1,Estable,3
146,24,F,3.66,65,3,0,0,Complicada,3
147,24,F,3.79,85,4,1,0,Estable,2
148,28,M,4.35,86,3,0,1,Complicada,2
149,26,M,3.44,67,4,1,1,Complicada,10
150,27,F,2.12,78,2,0,0,Estable,5
151,27,M,2.49,60,5,0,4,Estable,9
152,29,M,3.32,88,4,0,1,Complicada,2
153,20,M,4.17,94,1,1,2,Complicada,2
154,24,M,3.78,99,3,0,3,Estable,6
155,18,M,3.95,73,2,1,0,Complicada,10
156,21,M,3.44,94,1,1,0,Complicada,2
157,21,M,3.85,79,2,1,3,Complicada,4
158,22,M,2.99,72,5,1,4,Complicada,6
159,24,M,3.41,97,3,1,3,Estable,5
160,24,M,4.23,67,6,0,1,Estable,1
161,28,F,4.62,79,3,1,3,Estable,6
162,21,F,3.3,92,5,1,0,Estable,1
163,24,M,2.13,85,3,1,3,Estable,3
164,28,F,2.49,98,6,1,2,Estable,10
165,20,F,2.06,80,4,1,1,Complicada,5
166,23,M,3.96,68,2,0,3,Estable,10
167,29,M,3.0,83,6,0,0,Complicada,5
168,19,M,3.63,96,1,1,1,Complicada,10
169,27,F,3.48,76,5,0,0,Complicada,6
170,26,F,2.24,83,4,0,4,Estable,10
171,22,M,3.21,80,1,1,2,Complicada,8
172,23,M,2.66,98,1,0,4,Estable,5
173,29,M,3.26,98,5,1,2,Complicada,1
174,29,F,2.61,72,4,0,3,Complicada,5
175,29,F,4.52,70,1,0,1,Estable,3
176,29,F,2.52,78,1,0,3,Complicada,4
177,21,F,4.88,70,4,1,2,Complicada,8
178,28,M,3.25,72,3,0,2,Complicada,7
179,27,M,4.54,60,1,0,2,Complicada,5
180,24,M,3.89,99,2,1,0,Estable,2
181,29,M,4.21,78,4,1,1,Complicada,6
182,26,F,4.3,71,1,0,3,Complicada,6
183,24,F,3.51,67,5,1,3,Estable,10
184,18,M,3.63,67,6,0,4,Complicada,10
185,18,M,3.54,71,2,0,2,Complicada,6
186,26,F,3.76,92,6,1,2,Complicada,9
187,28,M,2.09,85,6,1,2,Complicada,8
188,26,F,3.19,98,1,1,3,Estable,8
189,21,M,3.82,87,2,0,4,Complicada,1
190,26,M,3.79,64,2,1,0,Estable,5
191,20,M,4.38,67,3,0,1,Complicada,7
192,24,M,3.97,84,6,1,0,Complicada,6
193,23,M,4.98,86,2,0,3,Complicada,5
194,25,M,2.85,82,3,1,2,Estable,8
195,28,M,3.08,89,4,0,1,Complicada,3
196,26,F,3.15,82,3,1,3,Complicada,6
197,22,F,3.4,79,5,0,3,Estable,5
198,18,F,4.51,77,1,1,3,Estable,8
199,20,F,2.71,77,4,1,1,Estable,4
200,27,F,4.33,61,4,0,1,Estable,8
201,29,M,3.22,63,5,1,4,Complicada,10
202,25,M,3.81,89,3,0,4,Complicada,2
203,28,F,3.9,92,1,0,0,Complicada,9
204,23,M,3.12,95,3,1,1,Complicada,9
205,25,F,3.54,77,2,0,1,Estable,10
206,26,F,3.24,96,3,1,1,Complicada,10
207,21,M,2.21,78,4,1,4,Complicada,6
208,18,M,3.31,87,1,0,3,Complicada,4
209,18,M,2.29,99,3,1,2,Complicada,4
210,27,F,3.22,79,1,0,4,Estable,6
211,21,M,3.78,92,1,0,1,Complicada,5
212,29,F,3.74,71,2,1,4,Complicada,6
213,24,F,3.99,74,2,1,0,Complicada,7
214,19,F,2.29,98,4,0,1,Estable,7
215,20,M,3.96,61,5,0,0,Estable,9
216,18,M,2.94,88,1,1,1,Complicada,8
217,22,F,3.2,69,5,1,4,Complicada,6
218,18,M,4.57,61,4,1,3,Complicada,6
219,25,M,2.03,70,1,1,2,Estable,5
220,18,M,3.77,72,1,0,0,Complicada,1
221,28,F,3.8,69,6,1,4,Complicada,9
222,18,F,3.19,73,5,0,3,Complicada,9
223,19,M,2.71,77,3,0,4,Estable,9
224,19,F,2.7,68,2,1,0,Complicada,8
225,29,M,4.65,98,3,0,2,Complicada,10
226,23,M,3.33,87,5,1,4,Estable,3
227,24,M,2.99,62,2,0,1,Estable,1
228,22,M,3.35,79,3,1,3,Complicada,8
229,18,F,4.01,65,6,0,4,Estable,7
230,18,F,2.44,86,2,0,3,Complicada,5
231,20,F,3.35,61,1,1,1,Estable,10
232,19,M,3.76,88,3,1,2,Estable,7
233,22,M,4.85,97,2,0,2,Complicada,10
234,29,M,2.76,62,6,0,1,Complicada,4
235,27,F,3.08,75,2,1,3,Complicada,9
236,23,M,3.14,89,2,0,4,Estable,10
237,24,F,3.82,99,6,1,1,Complicada,2
238,21,F,3.07,61,3,0,0,Complicada,9
239,24,F,3.6,76,4,1,3,Complicada,9
240,28,F,4.35,71,3,0,2,Complicada,5
241,25,F,4.12,94,5,1,1,Complicada,1
242,28,F,3.34,60,6,1,2,Estable,7
243,18,M,4.59,74,3,0,3,Complicada,10
244,23,M,3.67,85,2,1,2,Complicada,10
245,25,F,3.62,96,6,0,1,Estable,4
246,22,F,2.1,80,1,1,3,Complicada,9
247,21,M,4.96,90,3,1,0,Complicada,6
248,19,F,2.37,84,6,1,1,Complicada,3
249,23,F,2.69,82,3,0,4,Complicada,6
250,23,M,2.16,83,6,1,1,Complicada,10
251,28,F,3.92,97,2,0,3,Estable,6
252,18,F,2.67,87,1,1,1,Estable,5
253,26,F,2.54,80,1,0,0,Estable,2
254,29,M,2.27,77,5,0,0,Complicada,10
255,28,M,2.31,95,6,0,4,Estable,10
256,23,M,3.75,94,3,1,2,Complicada,2
257,20,F,4.06,68,1,0,3,Complicada,7
258,21,F,3.19,97,1,1,3,Complicada,2
259,29,M,3.44,89,4,0,2,Estable,6
260,28,F,4.06,93,4,0,0,Estable,5
261,21,F,2.05,91,1,0,0,Estable,4
262,20,F,2.97,62,6,0,1,Complicada,7
263,27,F,4.92,62,5,1,4,Estable,8
264,20,F,3.74,87,1,0,4,Complicada,4
265,20,M,2.76,74,2,0,4,Estable,1
266,21,F,3.57,82,3,1,1,Estable,1
267,24,M,3.03,99,5,0,4,Complicada,1
268,21,F,3.6,70,2,0,2,Complicada,1
269,26,M,2.38,91,5,0,1,Estable,5
270,18,F,2.4,95,2,0,2,Estable,4
271,25,M,2.43,92,3,1,1,Estable,9
272,24,F,4.82,83,3,1,4,Complicada,3
273,19,M,4.2,98,4,0,2,Complicada,7
274,25,F,2.49,93,6,1,2,Estable,8
275,18,M,2.57,87,2,1,2,Estable,6
276,28,F,4.19,96,4,0,1,Complicada,10
277,29,M,2.47,66,2,1,3,Estable,1
278,26,M,2.7,63,4,0,4,Complicada,8
279,26,F,4.89,96,3,1,2,Complicada,10
280,19,F,2.77,60,5,1,3,Complicada,3
281,24,M,3.98,60,4,1,4,Complicada,8
282,27,F,4.94,79,2,0,4,Complicada,4
283,20,M,3.12,78,2,1,2,Complicada,8
284,24,M,2.05,88,6,0,2,Estable,1
285,29,M,2.73,69,3,0,1,Complicada,3
286,27,F,4.49,77,2,1,3,Complicada,6
287,26,M,4.59,87,1,0,3,Estable,9
288,21,M,4.31,94,5,1,2,Complicada,2
289,29,F,2.34,90,4,0,4,Estable,1
290,18,F,4.39,86,6,0,2,Complicada,10
291,19,F,4.76,70,5,1,4,Estable,3
292,18,F,3.8,97,3,1,4,Estable,4
293,29,M,4.82,64,6,1,2,Complicada,5
294,22,M,4.48,67,4,1,0,Complicada,3
295,22,M,4.0,93,4,0,3,Complicada,10
296,28,M,3.73,71,1,0,4,Complicada,2
297,24,F,3.05,97,3,0,4,Estable,2
298,26,M,2.48,60,6,1,0,Estable,7
299,26,M,3.81,90,6,0,1,Estable,9
300,20,F,2.95,63,2,1,0,Complicada,10
301,20,M,4.6,64,1,0,0,Estable,2
302,20,M,4.98,89,1,1,4,Complicada,7
303,21,M,4.26,83,6,0,3,Complicada,7
304,25,M,2.27,62,6,0,0,Estable,7
305,23,M,2.87,70,5,1,1,Complicada,3
306,25,M,2.33,63,5,0,2,Estable,7
307,18,F,3.95,85,5,1,0,Complicada,1
308,25,F,4.3,86,1,0,0,Estable,10
309,21,M,4.78,86,2,0,1,Complicada,1
310,28,M,3.31,65,4,1,3,Estable,5
311,18,F,4.7,74,5,1,0,Estable,2
312,25,M,4.63,89,2,0,0,Complicada,9
313,21,M,2.95,96,3,0,3,Complicada,7
314,23,M,4.61,96,5,0,1,Estable,4
315,25,F,3.13,96,4,0,0,Complicada,4
316,21,M,2.89,94,3,0,3,Complicada,2
317,20,F,3.95,82,3,0,0,Complicada,5
318,26,M,2.99,65,4,1,2,Estable,4
319,20,F,3.89,63,5,1,4,Estable,1
320,26,F,3.83,77,1,1,2,Complicada,8
321,19,M,3.69,68,4,0,0,Complicada,3
322,19,F,3.14,88,4,0,1,Estable,6
323,19,M,3.65,72,4,0,4,Complicada,4
324,23,F,3.79,76,3,1,2,Estable,9
325,20,M,3.64,91,2,1,3,Complicada,7
326,26,M,3.33,81,1,0,1,Complicada,9
327,21,F,2.04,63,5,0,2,Complicada,10
328,18,M,3.76,64,5,1,3,Estable,3
329,21,M,2.51,96,2,1,0,Estable,1
330,18,F,3.93,72,4,1,3,Estable,5
331,22,M,4.28,93,1,0,2,Estable,3
332,21,M,3.5,81,5,0,2,Complicada,6
333,25,F,3.63,82,6,0,0,Complicada,8
334,25,F,4.85,62,5,1,3,Estable,4
335,24,M,4.54,93,4,1,3,Complicada,5
336,20,M,4.74,91,6,0,0,Complicada,5
337,18,F,4.44,80,2,0,3,Estable,4
338,18,F,2.33,80,1,1,0,Complicada,4
339,29,M,2.45,70,2,0,1,Complicada,4
340,28,F,3.58,98,2,1,2,Estable,4
341,20,M,2.74,63,1,1,1,Complicada,4
342,23,M,3.43,60,1,0,4,Complicada,5
343,24,M,3.18,87,5,1,4,Complicada,2
344,23,M,3.65,83,5,0,4,Estable,2
345,23,M,4.24,94,1,1,0,Estable,9
346,23,F,4.15,72,6,1,3,Complicada,2
347,20,F,3.56,93,3,0,1,Complicada,6
348,23,F,4.47,70,5,1,1,Complicada,2
349,25,F,3.29,95,3,0,1,Estable,5
350,28,M,4.69,76,6,0,1,Estable,4
351,28,M,2.21,94,1,1,4,Estable,7
352,19,M,4.86,77,6,0,1,Complicada,7
353,22,M,3.96,99,5,0,3,Complicada,6
354,18,F,3.14,81,2,0,4,Complicada,10
355,29,M,2.59,83,1,0,1,Complicada,5
356,18,M,3.44,78,4,0,0,Complicada,1
357,22,F,2.58,96,3,0,2,Estable,3
358,29,F,2.5,98,6,1,2,Complicada,9
359,20,F,3.85,80,1,0,2,Complicada,1
360,21,F,3.57,67,6,1,4,Complicada,5
361,20,M,4.01,87,1,1,1,Estable,2
362,18,M,4.79,64,5,0,4,Complicada,4
363,18,F,3.6,76,5,1,3,Estable,1
364,29,M,3.74,96,5,1,0,Estable,3
365,29,M,2.27,95,6,0,0,Estable,10
366,22,M,4.15,78,4,0,2,Estable,7
367,23,F,3.2,86,5,0,2,Estable,10
368,20,M,4.93,93,1,1,2,Complicada,3
369,29,F,4.47,70,5,1,1,Complicada,4
370,26,M,3.57,71,2,0,3,Estable,2
371,22,M,2.37,80,5,0,3,Estable,3
372,25,M,4.58,70,6,1,3,Estable,9
373,18,F,4.4,98,4,1,3,Complicada,3
374,22,M,2.55,87,2,1,2,Complicada,5
375,20,F,2.89,64,6,1,0,Estable,2
376,29,F,4.38,76,6,0,2,Complicada,4
377,18,F,2.56,79,6,1,3,Complicada,7
378,21,M,4.75,71,1,1,2,Estable,7
379,22,M,3.27,65,6,1,3,Estable,3
380,24,M,2.26,76,1,1,4,Complicada,5
381,18,M,4.45,78,6,0,0,Complicada,1
382,20,F,3.12,85,3,0,4,Complicada,10
383,19,F,3.58,91,2,1,1,Estable,10
384,26,F,2.34,65,3,1,2,Estable,10
385,27,M,2.01,95,6,0,1,Estable,1
386,23,F,3.91,97,2,0,2,Complicada,5
387,27,M,3.55,70,2,1,4,Complicada,10
388,20,F,3.78,92,4,1,3,Estable,9
389,25,M,4.38,83,3,0,3,Complicada,1
390,25,M,3.94,82,4,0,2,Estable,1
391,19,F,2.52,74,2,0,3,Complicada,4
392,23,F,3.08,86,1,0,4,Estable,4
393,24,F,4.72,70,2,0,3,Complicada,2
394,19,F,4.31,76,4,0,4,Complicada,9
395,28,M,3.67,73,3,1,1,Estable,9
396,27,F,2.77,86,6,0,4,Estable,2
397,19,F,2.91,77,6,0,0,Estable,9
398,27,F,4.2,87,3,0,0,Estable,6
399,18,M,4.55,63,6,0,0,Estable,8
400,25,M,4.01,66,6,1,2,Complicada,10
401,18,F,4.43,94,4,1,2,Estable,4
402,26,M,4.3,68,3,0,2,Estable,2
403,28,F,2.45,67,5,1,4,Estable,2
404,23,M,3.27,76,1,1,2,Estable,9
405,24,M,2.46,76,1,1,1,Estable,1
406,27,M,2.71,92,6,1,0,Complicada,7
407,24,M,4.61,91,1,1,4,Estable,3
408,27,F,3.42,67,3,1,0,Estable,3
409,20,F,3.61,78,3,0,2,Estable,2
410,19,F,2.54,97,2,0,4,Complicada,10
411,26,M,2.94,62,2,0,3,Complicada,6
412,25,F,2.69,64,1,0,1,Estable,10
413,29,F,2.62,72,5,0,2,Estable,2
414,27,F,3.91,90,2,1,2,Complicada,10
415,24,M,2.77,75,2,0,1,Complicada,4
416,26,M,3.9,91,3,0,1,Complicada,10
417,21,M,2.18,81,5,1,3,Estable,9
418,21,F,2.43,88,6,1,2,Estable,9
419,18,F,2.82,81,1,0,2,Complicada,6
420,25,F,3.79,62,2,1,0,Estable,4
421,29,M,4.03,69,5,1,4,Complicada,7
422,20,M,3.33,80,5,1,4,Complicada,1
423,24,F,3.34,75,1,1,0,Complicada,4
424,29,M,4.17,71,5,0,4,Estable,5
425,19,M,2.05,61,5,1,1,Complicada,8
426,19,M,3.02,83,5,0,4,Complicada,2
427,24,M,4.46,94,2,0,4,Estable,5
428,23,F,3.81,89,1,1,0,Complicada,6
429,20,M,3.01,89,5,1,3,Estable,5
430,26,M,4.72,94,5,1,4,Complicada,9
431,27,M,4.32,78,2,0,4,Estable,10
432,23,M,2.79,67,1,1,3,Complicada,1
433,27,F,3.94,85,3,1,0,Complicada,3
434,27,F,3.79,99,2,1,3,Complicada,2
435,23,M,3.2,66,1,1,0,Complicada,3
436,18,M,3.1,89,5,1,1,Complicada,10
437,21,M,3.03,66,1,0,0,Estable,9
438,27,M,3.85,62,1,1,1,Estable,9
439,23,M,3.33,60,6,1,1,Complicada,10
440,23,M,4.5,95,1,1,0,Complicada,2
441,28,F,4.01,84,3,0,2,Complicada,3
442,29,M,2.21,96,1,1,0,Estable,4
443,22,F,3.92,60,3,0,4,Estable,9
444,18,F,2.81,74,5,0,4,Complicada,3
445,25,M,3.78,96,3,1,2,Estable,7
446,22,F,4.04,72,5,1,1,Complicada,3
447,29,F,2.69,99,5,1,2,Complicada,7
448,29,F,3.37,67,3,0,4,Complicada,7
449,29,F,2.57,64,2,0,2,Estable,9
450,22,F,2.16,68,4,0,0,Complicada,2
451,24,F,3.14,60,1,0,2,Complicada,6
452,21,M,3.09,95,6,0,1,Complicada,9
453,23,F,4.99,94,4,0,0,Estable,2
454,21,F,3.34,61,1,1,3,Estable,2
455,20,F,3.0,99,1,1,4,Estable,5
456,24,M,3.74,82,5,0,4,Complicada,10
457,25,F,2.27,68,1,1,2,Estable,10
458,21,M,4.88,93,6,1,0,Complicada,10
459,19,F,3.9,73,1,0,3,Estable,8
460,29,M,4.26,63,3,0,0,Complicada,9
461,27,M,2.51,89,4,1,4,Estable,2
462,20,F,3.23,90,3,0,0,Complicada,5
463,18,F,3.27,97,6,0,3,Estable,7
464,25,M,4.47,70,1,1,2,Estable,6
465,20,F,2.0,94,6,0,1,Estable,6
466,29,M,2.9,67,5,1,0,Complicada,7
467,27,M,4.94,62,3,1,1,Estable,3
468,24,M,3.42,73,3,1,4,Estable,3
469,27,M,3.15,72,2,1,2,Estable,10
470,22,M,2.36,91,1,1,2,Estable,9
471,27,F,4.92,93,5,0,0,Complicada,8
472,22,M,2.06,78,3,0,2,Estable,5
473,24,M,4.21,97,3,0,0,Complicada,6
474,26,F,4.31,75,5,0,0,Complicada,10
475,29,M,2.73,61,6,1,1,Complicada,1
476,22,F,4.01,99,6,1,2,Complicada,10
477,18,F,2.28,76,1,0,0,Estable,1
478,27,F,2.77,93,2,1,1,Complicada,4
479,27,M,4.36,75,3,0,3,Complicada,2
480,18,M,4.59,97,2,0,1,Complicada,7
481,19,M,3.83,61,6,0,1,Complicada,2
482,23,F,3.52,61,6,1,0,Estable,10
483,26,M,2.48,85,4,1,4,Estable,2
484,25,F,2.19,72,1,1,4,Complicada,5
485,22,M,2.35,90,4,1,4,Complicada,4
486,18,F,2.68,93,4,0,1,Complicada,8
487,24,M,3.03,98,4,1,0,Estable,4
488,22,M,3.14,62,1,1,2,Estable,6
489,23,M,3.04,67,1,1,1,Estable,5
490,24,F,2.72,82,5,0,1,Estable,2
491,20,F,3.53,73,2,0,0,Estable,8
492,29,M,4.48,86,2,1,3,Complicada,2
493,27,M,2.84,88,5,1,1,Estable,9
494,20,F,4.83,98,5,1,3,Estable,9
495,22,F,4.62,98,6,1,3,Complicada,3
496,23,F,2.49,60,4,0,4,Estable,4
497,26,M,4.36,76,5,1,0,Estable,8
498,29,F,3.72,89,3,1,3,Estable,9
499,22,M,3.7,72,2,1,0,Complicada,3
500,18,F,3.17,80,5,0,4,Estable,5
501,21,M,3.5,78,3,0,0,Complicada,8
502,22,F,3.19,78,3,1,1,Complicada,3
503,29,F,3.62,84,3,1,3,Estable,7
504,27,F,3.88,81,6,1,0,Estable,8
505,27,F,4.02,90,6,1,2,Estable,10
506,22,F,3.6,76,3,1,0,Estable,3
507,24,M,4.16,82,6,0,3,Complicada,2
508,21,F,2.42,91,4,0,4,Estable,10
509,18,F,2.64,69,3,0,4,Complicada,7
510,22,F,4.46,69,4,1,3,Complicada,9
511,24,M,2.97,95,4,0,1,Complicada,1
512,27,F,2.07,67,3,0,1,Complicada,3
513,27,M,2.46,79,2,0,4,Complicada,5
514,23,F,2.67,91,3,1,4,Estable,3
515,22,F,4.87,73,3,1,3,Complicada,1
516,21,M,3.72,87,6,0,1,Complicada,7
517,19,F,4.8,83,3,1,4,Estable,7
518,21,M,3.73,74,2,0,1,Estable,10
519,27,M,3.44,81,6,0,4,Complicada,8
520,27,F,2.94,89,1,0,0,Complicada,5
521,20,M,3.82,63,1,0,2,Estable,10
522,27,F,2.42,72,4,1,0,Complicada,5
523,18,F,4.69,82,4,1,4,Estable,5
524,25,M,4.49,67,2,1,2,Estable,1
525,22,M,2.95,77,5,1,2,Complicada,10
526,21,M,4.86,71,1,0,4,Estable,5
527,25,M,4.48,90,4,1,4,Complicada,6
528,24,F,4.0,73,1,0,1,Complicada,1
529,19,F,2.37,93,2,1,4,Complicada,7
530,18,M,3.43,77,2,1,3,Estable,1
531,29,F,3.52,93,5,1,4,Complicada,2
532,28,F,2.7,70,5,0,3,Estable,2
533,21,F,2.24,71,6,0,4,Complicada,5
534,25,F,4.33,74,2,0,1,Complicada,10
535,29,M,2.37,90,4,0,3,Estable,7
536,19,M,3.78,88,1,1,0,Complicada,1
537,20,F,4.81,85,3,0,3,Complicada,10
538,29,M,4.63,77,5,0,1,Estable,1
539,18,M,2.83,91,3,1,3,Estable,1
540,18,M,4.55,81,4,1,4,Estable,6
541,20,F,2.0,97,5,0,4,Complicada,2
542,28,F,2.05,76,3,1,1,Estable,1
543,22,F,3.81,82,4,0,2,Estable,6
544,29,M,3.09,83,1,1,4,Complicada,2
545,20,F,3.16,67,4,0,0,Estable,6
546,18,F,3.69,65,6,0,1,Complicada,10
547,18,M,2.58,64,5,0,3,Complicada,8
548,25,F,2.64,88,2,0,3,Estable,2
549,27,F,3.45,87,1,0,0,Complicada,9
550,28,M,4.26,70,3,1,4,Estable,8
551,29,M,3.86,60,5,0,1,Estable,10
552,29,M,2.89,78,2,0,0,Estable,1
553,19,F,3.29,68,4,0,4,Estable,7
554,20,F,2.51,86,2,0,1,Complicada,10
555,19,F,2.22,93,5,0,3,Complicada,6
556,20,M,4.35,63,5,1,1,Estable,6
557,24,M,2.8,95,6,1,2,Estable,6
558,18,F,2.53,77,6,0,1,Complicada,6
559,27,F,4.07,74,2,1,2,Estable,10
560,25,M,3.85,72,4,0,1,Complicada,7
561,27,M,3.9,78,2,1,2,Estable,3
562,27,M,2.69,65,5,1,3,Complicada,6
563,27,M,2.7,71,5,0,4,Complicada,3
564,19,F,2.66,96,3,1,2,Complicada,7
565,20,M,2.52,76,6,1,2,Estable,7
566,26,F,3.97,82,3,0,3,Estable,8
567,24,F,4.54,85,1,0,2,Estable,2
568,21,F,4.17,88,5,1,0,Estable,9
569,27,M,4.38,92,3,1,3,Estable,5
570,22,M,3.21,86,2,1,0,Complicada,9
571,19,M,3.96,84,6,0,3,Complicada,10
572,28,M,3.06,69,6,1,2,Complicada,5
573,25,F,3.58,82,4,1,0,Complicada,7
574,21,M,3.44,80,2,1,2,Complicada,9
575,26,M,2.53,80,4,0,3,Complicada,4
576,22,F,3.16,72,3,0,2,Complicada,2
577,26,M,4.89,96,1,0,0,Estable,9
578,21,F,2.75,92,2,0,0,Complicada,2
579,27,F,2.4,83,2,1,2,Estable,3
580,22,F,3.26,70,2,0,1,Complicada,10
581,26,F,4.37,76,4,1,3,Complicada,2
582,25,F,3.75,63,3,1,3,Estable,3
583,20,F,4.04,84,2,1,2,Complicada,6
584,18,F,2.57,89,2,1,1,Estable,3
585,20,F,3.86,68,6,0,0,Complicada,10
586,21,M,2.97,80,1,0,4,Estable,8
587,19,M,4.5,79,6,0,4,Complicada,6
588,18,M,3.89,78,6,0,2,Estable,7
589,24,M,2.6,78,1,0,1,Estable,1
590,25,F,2.19,71,3,1,1,Complicada,3
591,24,M,2.13,96,6,0,3,Complicada,3
592,22,F,3.11,76,3,0,0,Estable,2
593,29,M,2.8,96,6,0,1,Complicada,7
594,18,M,3.94,98,5,0,4,Estable,9
595,24,M,3.5,87,1,1,0,Complicada,4
596,24,F,2.8,94,6,1,0,Estable,5
597,26,M,2.45,77,5,1,2,Complicada,3
598,20,F,2.38,73,4,1,1,Estable,9
599,26,F,4.59,94,5,1,2,Complicada,4
600,18,M,2.73,66,2,0,1,Estable,5
601,18,M,3.96,72,6,1,3,Estable,1
602,21,M,4.43,77,5,1,2,Complicada,2
603,26,F,3.84,96,3,1,2,Complicada,9
604,23,M,4.58,72,4,0,4,Estable,2
605,28,F,3.18,95,6,0,2,Estable,5
606,20,F,4.87,90,2,1,1,Estable,8
607,18,M,2.4,61,5,0,4,Estable,3
608,21,M,2.31,75,4,0,2,Complicada,6
609,29,F,3.98,68,6,1,2,Estable,4
610,26,F,4.83,68,4,0,3,Estable,7
611,20,F,4.43,97,2,0,2,Estable,10
612,29,M,2.23,70,5,0,0,Complicada,3
613,26,F,2.84,81,4,1,4,Estable,6
614,24,M,4.79,92,4,1,0,Complicada,10
615,29,F,2.76,95,1,1,4,Complicada,9
616,21,F,4.34,82,4,0,3,Complicada,10
617,20,M,4.48,93,1,1,2,Complicada,1
618,27,F,3.49,68,5,0,2,Complicada,3
619,22,M,3.16,83,6,0,2,Complicada,2
620,22,M,3.35,67,6,0,4,Complicada,8
621,20,F,2.68,66,5,1,2,Estable,7
622,29,M,4.67,95,5,1,0,Estable,2
623,26,M,3.35,77,3,1,2,Complicada,6
624,21,F,4.65,62,5,1,3,Estable,3
625,28,M,2.32,87,4,0,0,Estable,8
626,22,M,4.96,65,6,1,2,Complicada,10
627,21,M,3.33,80,2,0,2,Estable,3
628,22,F,2.14,87,6,1,1,Complicada,10
629,24,M,2.11,99,1,1,4,Estable,9
630,26,F,4.24,60,6,1,0,Complicada,1
631,24,F,3.98,95,3,0,1,Complicada,5
632,22,M,4.41,80,5,0,3,Estable,3
633,27,M,2.32,94,5,0,4,Estable,6
634,27,M,2.11,72,6,0,0,Complicada,10
635,24,F,3.53,69,2,0,2,Complicada,2
636,27,M,3.16,69,2,1,0,Complicada,9
637,22,M,3.39,72,3,0,2,Estable,6
638,20,M,4.97,96,1,0,4,Estable,7
639,24,M,4.91,97,6,0,2,Estable,5
640,28,M,4.83,83,5,0,3,Estable,9
641,28,F,4.35,61,6,1,2,Complicada,1
642,19,F,3.06,81,3,0,3,Complicada,5
643,29,M,3.24,76,4,1,4,Complicada,10
644,26,M,3.65,95,4,1,4,Complicada,6
645,27,M,4.49,73,3,1,0,Estable,7
646,27,M,2.21,69,5,0,3,Complicada,4
647,29,F,3.27,94,3,1,3,Complicada,1
648,18,M,2.25,84,5,0,1,Estable,8
649,23,F,3.54,62,2,0,1,Estable,10
650,24,F,4.7,97,3,0,1,Complicada,4
651,25,M,4.35,76,5,0,2,Estable,3
652,27,F,2.68,71,3,0,1,Complicada,7
653,26,F,4.93,83,3,1,3,Estable,2
654,19,F,4.0,88,5,1,2,Estable,8
655,28,F,2.03,84,5,0,4,Complicada,6
656,27,M,2.77,95,1,1,0,Estable,7
657,19,M,2.78,85,3,0,1,Complicada,5
658,22,F,2.21,97,4,1,4,Estable,9
659,22,M,4.88,60,3,1,3,Estable,5
660,23,M,3.43,79,3,1,0,Estable,5
661,20,M,4.69,87,5,1,4,Estable,3
662,25,M,2.97,75,3,1,0,Estable,1
663,18,M,2.38,76,6,0,1,Complicada,2
664,23,F,3.42,99,3,0,3,Estable,8
665,21,M,2.34,87,6,1,0,Complicada,1
666,18,M,3.46,71,4,0,4,Estable,7
667,24,M,4.76,86,5,1,1,Complicada,5
668,26,M,3.56,89,3,0,1,Estable,3
669,21,F,3.85,93,6,1,4,Complicada,7
670,21,F,2.47,96,6,1,4,Complicada,9
671,23,F,2.13,65,6,1,0,Estable,2
672,29,F,2.33,66,2,0,2,Estable,8
673,20,M,3.8,91,1,0,1,Estable,9
674,29,F,2.29,91,4,1,0,Complicada,3
675,23,M,3.13,84,3,1,4,Complicada,2
676,24,M,3.65,92,2,0,0,Estable,7
677,28,M,3.17,66,3,0,4,Estable,5
678,27,M,2.49,71,3,0,3,Complicada,5
679,27,M,2.82,75,5,0,4,Complicada,10
680,20,F,4.78,75,5,0,4,Estable,5
681,24,F,4.03,95,5,1,4,Complicada,4
682,20,F,3.49,72,2,0,2,Estable,5
683,19,F,2.04,66,3,1,4,Estable,4
684,29,M,4.98,95,1,1,1,Estable,6
685,27,F,4.01,68,4,0,1,Complicada,4
686,21,M,2.95,91,5,0,0,Complicada,2
687,29,F,4.64,70,5,1,2,Complicada,9
688,25,M,2.78,67,3,0,0,Complicada,2
689,26,M,3.63,92,3,1,1,Estable,9
690,24,F,3.91,82,2,0,1,Complicada,10
691,18,M,2.66,84,2,0,3,Estable,6
692,20,M,4.94,67,5,0,4,Estable,9
693,29,F,4.24,81,3,1,1,Estable,9
694,26,M,3.67,63,1,0,0,Complicada,3
695,29,F,2.54,99,4,1,0,Estable,1
696,18,F,2.16,62,3,0,4,Estable,1
697,26,F,2.96,88,3,1,4,Complicada,3
698,25,M,4.26,88,6,0,3,Estable,5
699,18,M,2.81,93,2,1,2,Complicada,3
700,23,M,3.62,93,4,1,0,Complicada,9
701,22,F,4.18,87,5,1,4,Complicada,9
702,23,M,2.32,72,3,1,0,Estable,3
703,27,F,4.06,74,5,1,4,Complicada,3
704,29,F,2.28,82,3,1,1,Complicada,5
705,22,M,4.9,85,5,0,0,Complicada,2
706,23,F,3.47,63,4,1,1,Complicada,6
707,22,M,2.45,85,2,1,0,Estable,7
708,28,M,3.03,99,4,1,2,Complicada,9
709,29,M,3.24,68,6,0,3,Estable,6
710,22,M,4.27,64,1,0,1,Complicada,3
711,21,M,4.23,91,2,0,4,Estable,5
712,20,F,3.84,79,4,1,2,Complicada,4
713,20,F,2.32,70,6,0,0,Estable,5
714,21,F,2.45,74,1,0,1,Complicada,8
715,26,M,2.28,91,6,1,0,Estable,8
716,19,M,3.73,87,3,1,0,Estable,6
717,26,M,4.63,81,3,0,0,Estable,1
718,18,F,3.3,76,5,1,3,Complicada,8
719,18,M,2.48,85,2,1,3,Estable,8
720,22,F,3.67,66,3,1,4,Estable,2
721,23,F,4.44,85,6,1,1,Estable,4
722,23,M,4.23,84,2,0,2,Estable,2
723,20,M,4.64,69,3,1,2,Complicada,4
724,24,F,2.83,78,5,0,2,Estable,10
725,26,M,2.58,70,4,0,0,Estable,7
726,28,F,4.64,72,5,0,3,Estable,9
727,29,M,3.97,67,1,0,1,Complicada,8
728,27,M,2.93,99,3,1,0,Estable,9
729,25,F,4.23,63,1,1,3,Estable,8
730,23,M,4.45,90,1,1,3,Estable,2
731,29,F,3.84,87,6,0,1,Estable,7
732,25,M,4.06,70,2,0,1,Complicada,2
733,29,F,3.13,60,6,0,1,Estable,2
734,22,F,3.62,97,3,1,0,Estable,4
735,25,M,3.57,83,1,0,4,Complicada,1
736,27,F,4.54,90,4,1,1,Complicada,5
737,29,M,4.52,85,1,1,4,Complicada,6
738,21,M,4.5,64,4,1,0,Estable,9
739,27,M,2.03,79,6,1,4,Complicada,10
740,25,F,4.25,70,6,0,2,Estable,8
741,27,F,4.28,92,2,1,4,Complicada,2
742,29,M,4.04,97,1,0,1,Estable,1
743,19,M,4.27,86,5,1,0,Complicada,2
744,29,F,4.53,93,6,0,1,Estable,7
745,29,M,3.41,74,6,0,2,Complicada,4
746,22,M,3.51,91,2,1,1,Estable,10
747,26,F,2.37,80,4,1,1,Estable,5
748,21,M,3.16,64,2,1,1,Estable,7
749,28,F,3.93,65,1,0,3,Estable,3
750,23,M,4.34,97,3,1,2,Estable,10
751,18,F,2.65,81,3,1,1,Estable,2
752,26,M,2.41,77,4,0,1,Estable,7
753,18,M,3.99,73,6,1,1,Estable,5
754,22,F,2.01,69,4,0,0,Complicada,1
755,21,M,2.54,72,6,1,3,Estable,1
756,29,F,2.09,90,6,0,0,Estable,9
757,20,M,2.5,89,3,0,3,Complicada,5
758,23,F,2.54,62,4,1,1,Estable,1
759,19,F,3.16,89,2,0,2,Complicada,7
760,20,F,3.21,65,6,1,4,Estable,9
761,22,F,4.62,88,5,1,4,Complicada,1
762,26,M,3.53,67,5,0,1,Complicada,10
763,19,M,4.17,92,2,1,0,Estable,4
764,27,F,2.31,76,5,0,2,Complicada,3
765,25,F,2.68,70,1,0,3,Estable,5
766,19,F,4.11,72,6,0,1,Estable,7
767,28,M,2.16,70,2,0,2,Estable,8
768,22,M,3.46,90,4,0,2,Estable,2
769,24,M,3.8,87,6,0,3,Complicada,7
770,25,M,3.81,65,2,0,2,Estable,1
771,18,F,2.07,75,3,0,0,Complicada,7
772,23,F,2.97,63,4,1,0,Complicada,8
773,18,F,3.91,94,3,1,0,Estable,2
774,19,M,2.45,85,6,0,2,Estable,9
775,18,M,4.09,71,4,1,0,Estable,1
776,28,M,4.24,70,5,1,3,Estable,6
777,22,F,4.95,96,2,1,2,Complicada,1
778,27,F,2.63,84,6,1,4,Estable,3
779,26,M,4.48,77,1,1,2,Complicada,6
780,23,F,3.56,78,4,1,3,Estable,3
781,28,M,3.12,82,4,0,4,Estable,8
782,28,M,2.37,97,6,1,2,Estable,5
783,18,F,4.21,77,6,1,0,Estable,2
784,18,M,2.71,85,3,1,1,Complicada,4
785,19,F,3.11,65,5,1,1,Complicada,9
786,26,M,2.19,63,3,0,0,Estable,4
787,20,F,4.4,88,3,0,1,Complicada,10
788,18,F,4.3,93,5,0,1,Complicada,10
789,22,F,4.2,76,1,0,0,Estable,8
790,24,M,2.9,75,3,1,0,Estable,5
791,23,M,2.52,61,3,0,2,Complicada,10
792,29,F,3.91,93,4,0,2,Complicada,1
793,18,F,3.49,67,5,0,0,Complicada,7
794,22,M,2.53,72,2,0,3,Complicada,3
795,22,M,4.06,67,1,1,1,Estable,10
796,23,M,4.97,89,1,0,2,Estable,8
797,20,F,4.24,91,5,1,1,Complicada,3
798,22,M,4.22,95,6,0,4,Estable,1
799,24,M,4.85,89,6,1,0,Complicada,5
800,22,F,2.61,60,4,1,3,Complicada,2
801,22,M,3.7,98,4,0,4,Estable,4
802,22,M,4.94,76,5,0,4,Complicada,1
803,27,M,2.5,79,4,0,4,Complicada,9
804,27,F,4.1,83,1,0,0,Estable,6
805,20,F,3.76,81,1,1,2,Estable,8
806,18,F,3.76,88,2,1,0,Complicada,4
807,22,F,4.09,81,6,0,2,Complicada,9
808,26,F,4.79,68,5,0,4,Estable,2
809,18,F,4.35,96,3,1,4,Complicada,9
810,20,F,2.17,69,6,0,3,Complicada,5
811,21,M,4.56,95,3,1,2,Estable,6
812,18,M,2.68,96,2,0,4,Estable,3
813,18,F,3.13,87,2,1,1,Estable,4
814,25,M,3.39,87,4,1,3,Estable,6
815,19,M,3.44,80,2,1,0,Estable,7
816,29,F,3.31,83,2,1,3,Estable,1
817,25,M,4.81,99,3,1,1,Complicada,7
818,24,M,4.12,61,4,0,2,Complicada,1
819,27,M,3.89,67,2,1,0,Estable,5
820,27,M,2.15,86,6,0,0,Estable,6
821,19,M,4.71,81,2,1,2,Complicada,2
822,23,F,4.73,96,4,1,3,Complicada,10
823,23,F,4.34,86,5,0,4,Complicada,9
824,20,F,2.02,88,4,0,3,Estable,10
825,28,M,2.17,62,3,0,1,Estable,6
826,19,F,2.68,72,5,0,4,Complicada,7
827,29,M,2.39,69,6,1,3,Estable,10
828,18,M,3.2,95,1,0,2,Estable,8
829,23,M,4.77,68,4,1,1,Estable,10
830,29,M,3.42,86,3,0,1,Complicada,1
831,22,F,2.04,93,6,0,1,Complicada,8
832,28,F,2.85,60,5,1,4,Estable,4
833,26,M,2.13,91,6,1,0,Estable,10
834,18,F,2.11,84,4,0,4,Estable,8
835,24,M,2.83,88,2,1,3,Estable,6
836,22,F,2.83,66,4,1,0,Estable,9
837,22,F,4.36,62,1,1,3,Complicada,4
838,19,M,4.92,79,4,1,0,Estable,2
839,28,F,3.11,79,5,1,4,Estable,2
840,20,M,3.29,89,5,1,1,Estable,5
841,24,F,4.53,94,4,1,2,Complicada,10
842,23,M,2.8,94,5,1,1,Complicada,9
843,29,M,2.47,98,2,0,4,Estable,3
844,19,F,4.56,86,6,1,0,Complicada,8
845,23,F,2.14,85,4,0,1,Complicada,4
846,19,M,3.86,73,2,1,4,Complicada,6
847,19,F,3.69,76,6,1,3,Complicada,10
848,19,F,3.04,77,6,1,2,Complicada,6
849,28,M,2.95,88,2,1,1,Complicada,3
850,20,M,4.32,79,3,0,0,Estable,5
851,19,F,2.26,86,4,0,3,Complicada,3
852,21,M,2.71,77,6,1,4,Complicada,1
853,26,M,4.2,63,6,0,2,Estable,7
854,23,M,3.64,60,5,1,0,Estable,4
855,18,F,2.38,60,6,1,4,Estable,7
856,25,F,4.65,85,2,0,4,Estable,3
857,29,M,3.18,79,6,0,1,Complicada,5
858,24,F,4.48,82,3,1,1,Complicada,5
859,27,M,4.36,69,4,1,0,Complicada,2
860,20,F,3.87,70,4,0,4,Complicada,10
861,18,M,3.48,64,6,1,1,Estable,2
862,22,M,4.94,60,1,0,2,Complicada,4
863,21,F,2.43,76,1,1,2,Complicada,4
864,27,M,4.18,81,2,1,4,Estable,4
865,25,F,2.57,93,1,0,1,Complicada,6
866,18,F,3.01,88,2,0,0,Complicada,2
867,27,M,2.93,63,5,0,0,Complicada,6
868,18,M,4.84,64,2,1,0,Complicada,7
869,29,F,4.9,70,1,1,2,Estable,10
870,21,M,2.55,80,6,1,1,Estable,3
871,25,M,2.07,94,5,1,1,Estable,8
872,22,M,4.16,71,1,0,2,Estable,2
873,19,M,3.25,85,2,1,0,Estable,8
874,23,M,2.27,78,3,1,0,Complicada,5
875,22,F,4.05,66,4,1,4,Complicada,2
876,19,F,3.64,66,1,0,3,Estable,7
877,28,M,4.94,85,2,1,1,Estable,2
878,28,M,2.68,99,5,1,1,Estable,6
879,28,M,3.21,64,1,0,1,Complicada,10
880,20,F,3.63,80,1,1,3,Estable,3
881,26,M,4.38,73,4,1,4,Complicada,9
882,24,F,3.65,63,2,0,3,Complicada,3
883,24,F,3.84,82,3,1,0,Complicada,3
884,28,F,2.68,79,5,1,0,Complicada,5
885,23,M,4.54,74,2,1,1,Estable,7
886,25,F,3.29,88,5,0,2,Complicada,8
887,21,M,2.42,67,1,1,1,Complicada,7
888,25,F,3.99,78,4,1,2,Estable,9
889,21,M,2.65,98,4,0,3,Complicada,5
890,25,F,2.29,87,6,0,0,Complicada,10
891,26,M,4.59,86,3,1,2,Complicada,3
892,20,F,3.38,63,4,1,3,Estable,6
893,20,M,4.25,74,1,1,0,Complicada,5
894,28,M,2.87,94,3,1,2,Complicada,4
895,19,M,4.36,96,2,0,1,Estable,2
896,27,M,2.34,60,4,1,1,Estable,7
897,20,F,3.07,62,3,0,1,Complicada,5
898,20,F,4.93,83,1,0,3,Complicada,4
899,22,M,4.38,86,6,1,1,Estable,8
900,22,F,3.49,99,5,1,4,Complicada,9
901,19,M,3.02,95,5,0,0,Estable,9
902,29,M,4.62,93,1,0,3,Complicada,3
903,27,F,3.63,88,1,1,1,Estable,3
904,23,M,4.28,83,5,0,0,Complicada,5
905,22,M,4.26,83,6,1,2,Estable,5
906,23,F,2.05,63,3,1,1,Estable,10
907,18,M,2.38,62,5,0,0,Estable,2
908,22,M,3.98,93,1,0,4,Estable,1
909,26,M,2.48,82,4,1,2,Estable,8
910,29,M,2.77,82,2,0,4,Complicada,3
911,27,F,4.84,64,6,1,0,Complicada,1
912,19,F,3.68,90,6,1,4,Estable,1
913,18,F,4.25,65,4,1,0,Complicada,2
914,27,M,3.67,96,4,0,0,Complicada,6
915,28,M,3.66,69,1,1,4,Complicada,6
916,26,F,2.28,99,5,1,0,Complicada,3
917,27,M,3.03,66,3,1,1,Complicada,4
918,26,M,2.85,98,6,1,0,Complicada,2
919,26,M,3.17,97,6,1,3,Estable,2
920,23,M,4.4,80,4,1,0,Complicada,7
921,25,F,3.12,79,5,1,3,Complicada,1
922,28,F,3.36,62,6,1,0,Complicada,7
923,18,F,3.19,81,3,1,0,Estable,1
924,27,M,2.28,63,4,1,4,Complicada,6
925,21,F,3.32,87,3,1,1,Complicada,3
926,18,F,2.59,71,5,0,1,Complicada,8
927,25,M,2.56,97,6,1,2,Estable,6
928,18,M,2.28,95,2,1,4,Complicada,2
929,20,F,3.07,64,6,1,4,Estable,8
930,21,F,4.27,72,5,0,1,Complicada,5
931,25,F,2.83,82,6,1,4,Estable,8
932,23,F,2.94,89,6,0,1,Estable,8
933,27,M,3.93,96,1,1,4,Estable,6
934,29,F,2.59,84,6,1,0,Complicada,2
935,24,F,4.69,86,6,0,1,Estable,8
936,25,M,3.56,73,3,1,1,Estable,6
937,19,F,3.34,95,2,0,3,Estable,6
938,27,M,3.67,98,3,0,4,Estable,8
939,28,M,2.5,75,3,1,4,Complicada,1
940,25,M,3.84,81,4,1,1,Complicada,2
941,20,F,3.09,80,1,1,0,Complicada,9
942,24,F,4.69,80,3,1,0,Complicada,8
943,20,M,2.51,67,5,0,0,Estable,7
944,24,F,3.52,75,5,0,4,Complicada,7
945,28,F,3.79,90,6,1,3,Estable,5
946,29,M,2.1,69,4,0,1,Complicada,2
947,19,M,3.09,91,1,0,2,Complicada,6
948,27,F,4.2,93,1,1,3,Complicada,10
949,23,M,4.46,68,6,0,2,Estable,3
950,20,F,2.94,76,5,0,3,Complicada,4
951,20,F,4.4,70,2,1,0,Complicada,10
952,26,F,4.9,91,4,0,4,Complicada,2
953,24,F,4.57,69,6,1,2,Estable,2
954,22,M,2.35,81,4,0,3,Complicada,8
955,29,M,4.22,76,5,1,4,Complicada,8
956,27,M,2.96,63,5,0,2,Estable,10
957,24,M,4.97,84,2,0,1,Estable,6
958,26,F,3.46,80,2,1,3,Complicada,5
959,18,F,2.37,96,1,1,1,Complicada,8
960,24,M,4.18,97,4,1,0,Complicada,4
961,23,F,2.97,60,4,1,1,Estable,4
962,27,F,4.99,84,5,0,1,Estable,5
963,29,F,4.94,95,1,0,3,Estable,1
964,26,M,3.97,76,6,0,0,Complicada,1
965,18,M,2.39,83,4,1,1,Estable,2
966,21,M,4.06,61,1,0,4,Complicada,8
967,26,F,2.28,99,1,0,2,Estable,7
968,21,M,2.09,74,5,1,1,Estable,10
969,27,M,4.47,91,1,1,0,Estable,9
970,20,M,2.63,98,2,0,1,Complicada,5
971,26,M,3.14,65,2,1,2,Complicada,2
972,19,M,4.92,60,3,0,0,Complicada,7
973,21,M,3.01,82,5,0,3,Complicada,8
974,23,F,2.89,98,6,1,0,Estable,7
975,19,F,4.75,76,3,0,3,Complicada,7
976,25,M,2.33,93,2,1,0,Estable,5
977,25,M,4.28,88,3,1,2,Complicada,2
978,18,F,4.96,68,5,0,2,Complicada,6
979,29,F,4.7,72,5,0,0,Estable,4
980,20,M,3.96,65,1,0,1,Estable,10
981,27,M,2.94,65,4,1,2,Complicada,2
982,26,M,2.76,79,1,0,3,Complicada,9
983,22,M,4.46,62,5,1,3,Estable,7
984,23,F,4.64,76,2,1,4,Estable,6
985,21,M,3.58,71,6,0,3,Estable,5
986,27,M,2.73,60,2,1,4,Estable,3
987,19,M,2.34,76,1,0,0,Estable,10
988,28,M,2.26,62,6,0,0,Complicada,10
989,25,F,4.16,85,5,0,0,Complicada,4
990,28,F,3.26,74,2,0,1,Complicada,3
991,23,F,4.72,95,5,0,1,Complicada,8
992,22,M,4.22,91,6,0,4,Estable,3
993,26,M,2.57,91,6,0,3,Estable,7
994,18,F,3.84,63,2,1,3,Estable,7
995,22,M,3.31,77,5,0,0,Complicada,7
996,23,M,3.73,78,3,1,2,Estable,7
997,22,F,4.21,94,5,1,1,Estable,2
998,23,F,4.42,99,6,1,1,Complicada,10
999,23,F,4.53,73,5,0,0,Complicada,3
1000,24,F,2.76,92,1,1,1,Complicada,10
