id,edad,genero,promedio_academico,asistencia,estrato_socioeconomico,trabaja,actividades_extracurriculares,situacion_familiar,semestre,estado
1,24,F,4.27,92,6,1,4,Estable,3,Estudiante
2,21,F,2.78,79,2,0,2,Estable,8,Desertó
3,28,F,2.58,75,5,1,3,Complicada,9,Desertó
4,25,M,2.25,93,4,0,2,Estable,8,Desertó
5,22,F,2.98,61,3,0,4,Estable,4,Desertó
6,24,F,3.68,94,5,1,0,Complicada,6,Estudiante
7,27,F,2.35,99,3,1,4,Complicada,1,Desertó
8,20,M,3.13,87,6,1,0,Estable,4,Estudiante
9,24,F,2.03,98,1,0,1,Complicada,8,Desertó
10,28,M,4.46,65,1,0,4,Estable,1,Desertó
11,28,M,2.39,68,1,0,4,Complicada,3,Desertó
12,25,M,2.85,79,3,1,3,Complicada,1,Desertó
13,22,M,2.06,60,5,1,2,Complicada,9,Desertó
14,21,M,3.3,67,1,1,0,Complicada,2,Desertó
15,25,M,4.52,82,5,0,0,Estable,9,Estudiante
16,25,F,3.18,62,3,0,3,Complicada,4,Desertó
17,20,M,2.54,63,6,1,3,Complicada,2,Desertó
18,23,F,4.26,84,5,0,2,Complicada,4,Estudiante
19,22,F,4.37,97,6,1,2,Estable,10,Graduado
20,19,M,2.52,74,3,0,4,Estable,6,Desertó
21,25,F,4.31,80,3,0,1,Complicada,7,Estudiante
22,29,F,4.84,94,4,1,2,Complicada,3,Estudiante
23,23,F,2.5,73,3,0,3,Complicada,3,Desertó
24,19,F,4.31,95,3,0,2,Complicada,10,Graduado
25,29,M,4.13,71,2,1,0,Complicada,8,Estudiante
26,22,F,3.42,76,1,1,1,Complicada,5,Estudiante
27,18,M,2.17,98,4,0,4,Estable,4,Desertó
28,29,F,2.22,68,4,1,0,Complicada,7,Desertó
29,27,F,4.56,94,4,0,0,Complicada,7,Estudiante
30,23,M,4.97,72,2,1,1,Complicada,9,Estudiante
31,29,F,4.03,74,6,0,4,Complicada,9,Estudiante
32,26,F,3.34,77,3,0,3,Complicada,5,Estudiante
33,18,F,3.94,92,1,1,4,Complicada,8,Estudiante
34,28,M,3.78,65,5,0,2,Estable,10,Desertó
35,28,F,3.15,86,6,0,0,Estable,1,Estudiante
36,27,M,2.2,82,3,1,2,Estable,9,Desertó
37,29,F,4.46,86,2,1,3,Estable,8,Estudiante
38,29,M,3.12,93,3,0,2,Estable,6,Estudiante
39,20,M,4.46,97,3,1,4,Estable,3,Estudiante
40,29,F,2.76,73,2,1,2,Complicada,3,Desertó
41,24,F,2.0,95,4,0,3,Complicada,8,Desertó
42,21,M,2.48,67,4,0,3,Complicada,5,Desertó
43,26,M,3.41,94,1,1,3,Complicada,10,Estudiante
44,20,F,4.83,78,1,1,4,Complicada,7,Estudiante
45,22,M,2.31,89,4,1,3,Complicada,5,Desertó
46,20,F,4.56,73,6,0,0,Estable,8,Estudiante
47,24,F,3.58,79,5,0,3,Complicada,10,Graduado
48,22,F,4.48,84,3,0,2,Estable,10,Graduado
49,26,F,2.9,99,5,0,2,Estable,4,Desertó
50,24,M,4.52,83,3,0,2,Complicada,2,Estudiante
51,19,F,4.32,73,4,0,4,Complicada,3,Estudiante
52,21,M,2.69,85,1,0,2,Complicada,8,Desertó
53,26,F,2.39,97,6,1,4,Complicada,7,Desertó
54,29,M,4.6,82,1,1,4,Complicada,2,Estudiante
55,19,F,4.89,81,5,0,3,Complicada,6,Estudiante
56,27,M,2.09,78,1,0,0,Complicada,9,Desertó
57,26,M,4.19,62,4,0,3,Estable,4,Desertó
58,27,F,4.73,78,6,1,3,Complicada,9,Estudiante
59,22,F,4.57,68,5,0,4,Complicada,2,Desertó
60,19,F,4.89,87,6,1,4,Estable,2,Estudiante
61,21,F,4.28,79,3,1,2,Complicada,9,Estudiante
62,29,M,3.33,66,1,1,2,Complicada,7,Desertó
63,29,F,2.94,73,6,1,3,Estable,7,Desertó
64,24,M,2.96,68,2,1,1,Complicada,1,Desertó
65,29,M,4.17,78,1,0,1,Complicada,6,Estudiante
66,25,F,4.24,73,3,0,2,Complicada,7,Estudiante
67,20,M,2.6,97,6,1,1,Complicada,6,Desertó
68,18,M,4.6,95,5,0,2,Complicada,6,Estudiante
69,21,M,4.14,99,3,1,4,Complicada,2,Estudiante
70,19,M,3.69,76,2,1,3,Estable,6,Estudiante
71,25,F,3.41,89,6,0,0,Complicada,4,Estudiante
72,21,F,3.63,68,4,0,3,Complicada,9,Desertó
73,19,F,2.48,92,1,0,2,Estable,1,Desertó
74,23,F,2.61,84,5,0,2,Estable,8,Desertó
75,23,M,2.27,73,4,0,3,Complicada,5,Desertó
76,27,M,2.46,70,6,1,2,Estable,1,Desertó
77,21,F,3.36,94,6,0,1,Complicada,4,Estudiante
78,23,F,3.59,73,3,0,1,Complicada,1,Estudiante
79,19,F,2.05,89,6,0,2,Estable,6,Desertó
80,27,M,4.39,63,5,1,2,Complicada,2,Desertó
81,29,F,2.88,63,4,0,1,Complicada,5,Desertó
82,19,F,4.74,87,5,1,2,Estable,7,Estudiante
83,27,F,4.9,67,2,0,2,Estable,2,Desertó
84,21,M,2.56,61,2,0,3,Estable,6,Desertó
85,25,M,3.39,81,1,1,0,Estable,6,Estudiante
86,24,M,2.0,75,1,0,1,Complicada,5,Desertó
87,29,M,3.79,88,2,0,3,Estable,5,Estudiante
88,26,M,3.82,89,6,1,0,Estable,3,Estudiante
89,25,M,2.74,71,5,0,2,Estable,10,Desertó
90,22,M,3.68,94,2,1,2,Estable,10,Graduado
91,19,M,2.68,70,1,1,3,Estable,2,Desertó
92,22,F,2.48,80,2,1,2,Complicada,7,Desertó
93,25,F,3.95,80,6,1,4,Estable,1,Estudiante
94,27,M,2.98,64,2,1,3,Complicada,6,Desertó
95,26,M,3.77,79,5,0,0,Estable,6,Estudiante
96,29,F,3.3,96,4,0,3,Estable,3,Estudiante
97,29,M,4.95,62,6,0,1,Estable,2,Desertó
98,29,M,2.45,92,1,1,3,Estable,2,Desertó
99,26,M,3.39,68,5,1,2,Estable,9,Desertó
100,18,F,4.04,68,2,1,2,Estable,5,Desertó
101,26,F,3.19,63,2,1,4,Estable,7,Desertó
102,24,F,4.92,94,4,0,4,Estable,5,Estudiante
103,26,F,4.17,76,1,0,4,Complicada,7,Estudiante
104,25,F,3.97,93,1,1,0,Estable,4,Estudiante
105,18,M,4.27,83,3,1,4,Complicada,8,Estudiante
106,29,F,4.86,91,1,0,0,Estable,10,Graduado
107,25,M,4.72,60,4,1,4,Complicada,10,Desertó
108,25,M,4.17,67,3,1,0,Estable,7,Desertó
109,28,F,4.25,82,3,1,3,Estable,10,Graduado
110,20,F,2.44,99,2,0,3,Estable,5,Desertó
111,18,M,2.31,71,2,0,2,Complicada,6,Desertó
112,25,M,3.71,71,1,1,0,Complicada,5,Estudiante
113,20,M,2.06,74,3,0,1,Complicada,7,Desertó
114,20,F,3.45,78,2,1,2,Complicada,2,Estudiante
115,18,F,2.63,85,4,1,3,Estable,5,Desertó
116,28,F,3.04,88,2,0,0,Estable,10,Estudiante
117,22,F,4.33,81,6,1,4,Estable,3,Estudiante
118,27,F,4.82,99,6,1,1,Complicada,9,Estudiante
119,24,M,2.22,80,2,0,3,Estable,6,Desertó
120,27,F,3.6,97,3,1,2,Complicada,10,Graduado
121,26,M,4.65,79,3,1,0,Complicada,3,Estudiante
122,29,M,2.25,88,5,1,1,Complicada,7,Desertó
123,24,M,4.47,63,6,0,0,Complicada,4,Desertó
124,26,F,3.07,66,4,1,4,Complicada,3,Desertó
125,25,F,2.97,87,3,0,2,Estable,8,Desertó
126,29,F,4.93,87,1,1,0,Complicada,4,Estudiante
127,19,M,2.6,63,6,1,3,Complicada,1,Desertó
128,18,M,4.08,81,4,1,2,Estable,6,Estudiante
129,24,M,4.46,71,4,1,3,Complicada,10,Graduado
130,24,M,2.12,62,3,0,0,Complicada,1,Desertó
131,25,M,4.01,81,4,0,2,Estable,5,Estudiante
132,22,M,4.85,61,3,1,3,Estable,7,Desertó
133,20,F,2.37,83,2,1,4,Estable,6,Desertó
134,29,F,4.69,93,6,1,4,Complicada,2,Estudiante
135,25,F,3.78,86,5,1,0,Estable,4,Estudiante
136,23,F,3.85,60,2,1,2,Estable,2,Desertó
137,28,M,3.84,67,6,1,1,Estable,1,Desertó
138,20,M,2.9,82,3,1,2,Complicada,3,Desertó
139,18,F,4.81,97,6,1,4,Estable,3,Estudiante
140,20,M,4.84,65,3,0,3,Complicada,7,Desertó
141,22,F,3.88,81,2,0,1,Complicada,1,Estudiante
142,20,F,4.35,84,1,0,0,Estable,9,Estudiante
143,18,F,3.84,77,1,1,1,Complicada,6,Estudiante
144,22,M,3.45,76,6,1,0,Complicada,4,Estudiante
145,27,F,3.98,71,1,1,1,Estable,3,Estudiante
146,24,F,3.66,65,3,0,0,Complicada,3,Desertó
147,24,F,3.79,85,4,1,0,Estable,2,Estudiante
148,28,M,4.35,86,3,0,1,Complicada,2,Estudiante
149,26,M,3.44,67,4,1,1,Complicada,10,Desertó
150,27,F,2.12,78,2,0,0,Estable,5,Desertó
151,27,M,2.49,60,5,0,4,Estable,9,Desertó
152,29,M,3.32,88,4,0,1,Complicada,2,Estudiante
153,20,M,4.17,94,1,1,2,Complicada,2,Estudiante
154,24,M,3.78,99,3,0,3,Estable,6,Estudiante
155,18,M,3.95,73,2,1,0,Complicada,10,Graduado
156,21,M,3.44,94,1,1,0,Complicada,2,Estudiante
157,21,M,3.85,79,2,1,3,Complicada,4,Estudiante
158,22,M,2.99,72,5,1,4,Complicada,6,Desertó
159,24,M,3.41,97,3,1,3,Estable,5,Estudiante
160,24,M,4.23,67,6,0,1,Estable,1,Desertó
161,28,F,4.62,79,3,1,3,Estable,6,Estudiante
162,21,F,3.3,92,5,1,0,Estable,1,Estudiante
163,24,M,2.13,85,3,1,3,Estable,3,Desertó
164,28,F,2.49,98,6,1,2,Estable,10,Desertó
165,20,F,2.06,80,4,1,1,Complicada,5,Desertó
166,23,M,3.96,68,2,0,3,Estable,10,Desertó
167,29,M,3.0,83,6,0,0,Complicada,5,Estudiante
168,19,M,3.63,96,1,1,1,Complicada,10,Graduado
169,27,F,3.48,76,5,0,0,Complicada,6,Estudiante
170,26,F,2.24,83,4,0,4,Estable,10,Desertó
171,22,M,3.21,80,1,1,2,Complicada,8,Estudiante
172,23,M,2.66,98,1,0,4,Estable,5,Desertó
173,29,M,3.26,98,5,1,2,Complicada,1,Estudiante
174,29,F,2.61,72,4,0,3,Complicada,5,Desertó
175,29,F,4.52,70,1,0,1,Estable,3,Estudiante
176,29,F,2.52,78,1,0,3,Complicada,4,Desertó
177,21,F,4.88,70,4,1,2,Complicada,8,Estudiante
178,28,M,3.25,72,3,0,2,Complicada,7,Estudiante
179,27,M,4.54,60,1,0,2,Complicada,5,Desertó
180,24,M,3.89,99,2,1,0,Estable,2,Estudiante
181,29,M,4.21,78,4,1,1,Complicada,6,Estudiante
182,26,F,4.3,71,1,0,3,Complicada,6,Estudiante
183,24,F,3.51,67,5,1,3,Estable,10,Desertó
184,18,M,3.63,67,6,0,4,Complicada,10,Desertó
185,18,M,3.54,71,2,0,2,Complicada,6,Estudiante
186,26,F,3.76,92,6,1,2,Complicada,9,Estudiante
187,28,M,2.09,85,6,1,2,Complicada,8,Desertó
188,26,F,3.19,98,1,1,3,Estable,8,Estudiante
189,21,M,3.82,87,2,0,4,Complicada,1,Estudiante
190,26,M,3.79,64,2,1,0,Estable,5,Desertó
191,20,M,4.38,67,3,0,1,Complicada,7,Desertó
192,24,M,3.97,84,6,1,0,Complicada,6,Estudiante
193,23,M,4.98,86,2,0,3,Complicada,5,Estudiante
194,25,M,2.85,82,3,1,2,Estable,8,Desertó
195,28,M,3.08,89,4,0,1,Complicada,3,Estudiante
196,26,F,3.15,82,3,1,3,Complicada,6,Estudiante
197,22,F,3.4,79,5,0,3,Estable,5,Estudiante
198,18,F,4.51,77,1,1,3,Estable,8,Estudiante
199,20,F,2.71,77,4,1,1,Estable,4,Desertó
200,27,F,4.33,61,4,0,1,Estable,8,Desertó
201,29,M,3.22,63,5,1,4,Complicada,10,Desertó
202,25,M,3.81,89,3,0,4,Complicada,2,Estudiante
203,28,F,3.9,92,1,0,0,Complicada,9,Estudiante
204,23,M,3.12,95,3,1,1,Complicada,9,Estudiante
205,25,F,3.54,77,2,0,1,Estable,10,Graduado
206,26,F,3.24,96,3,1,1,Complicada,10,Estudiante
207,21,M,2.21,78,4,1,4,Complicada,6,Desertó
208,18,M,3.31,87,1,0,3,Complicada,4,Estudiante
209,18,M,2.29,99,3,1,2,Complicada,4,Desertó
210,27,F,3.22,79,1,0,4,Estable,6,Estudiante
211,21,M,3.78,92,1,0,1,Complicada,5,Estudiante
212,29,F,3.74,71,2,1,4,Complicada,6,Estudiante
213,24,F,3.99,74,2,1,0,Complicada,7,Estudiante
214,19,F,2.29,98,4,0,1,Estable,7,Desertó
215,20,M,3.96,61,5,0,0,Estable,9,Desertó
216,18,M,2.94,88,1,1,1,Complicada,8,Desertó
217,22,F,3.2,69,5,1,4,Complicada,6,Desertó
218,18,M,4.57,61,4,1,3,Complicada,6,Desertó
219,25,M,2.03,70,1,1,2,Estable,5,Desertó
220,18,M,3.77,72,1,0,0,Complicada,1,Estudiante
221,28,F,3.8,69,6,1,4,Complicada,9,Desertó
222,18,F,3.19,73,5,0,3,Complicada,9,Estudiante
223,19,M,2.71,77,3,0,4,Estable,9,Desertó
224,19,F,2.7,68,2,1,0,Complicada,8,Desertó
225,29,M,4.65,98,3,0,2,Complicada,10,Graduado
226,23,M,3.33,87,5,1,4,Estable,3,Estudiante
227,24,M,2.99,62,2,0,1,Estable,1,Desertó
228,22,M,3.35,79,3,1,3,Complicada,8,Estudiante
229,18,F,4.01,65,6,0,4,Estable,7,Desertó
230,18,F,2.44,86,2,0,3,Complicada,5,Desertó
231,20,F,3.35,61,1,1,1,Estable,10,Desertó
232,19,M,3.76,88,3,1,2,Estable,7,Estudiante
233,22,M,4.85,97,2,0,2,Complicada,10,Graduado
234,29,M,2.76,62,6,0,1,Complicada,4,Desertó
235,27,F,3.08,75,2,1,3,Complicada,9,Estudiante
236,23,M,3.14,89,2,0,4,Estable,10,Estudiante
237,24,F,3.82,99,6,1,1,Complicada,2,Estudiante
238,21,F,3.07,61,3,0,0,Complicada,9,Desertó
239,24,F,3.6,76,4,1,3,Complicada,9,Estudiante
240,28,F,4.35,71,3,0,2,Complicada,5,Estudiante
241,25,F,4.12,94,5,1,1,Complicada,1,Estudiante
242,28,F,3.34,60,6,1,2,Estable,7,Desertó
243,18,M,4.59,74,3,0,3,Complicada,10,Graduado
244,23,M,3.67,85,2,1,2,Complicada,10,Graduado
245,25,F,3.62,96,6,0,1,Estable,4,Estudiante
246,22,F,2.1,80,1,1,3,Complicada,9,Desertó
247,21,M,4.96,90,3,1,0,Complicada,6,Estudiante
248,19,F,2.37,84,6,1,1,Complicada,3,Desertó
249,23,F,2.69,82,3,0,4,Complicada,6,Desertó
250,23,M,2.16,83,6,1,1,Complicada,10,Desertó
251,28,F,3.92,97,2,0,3,Estable,6,Estudiante
252,18,F,2.67,87,1,1,1,Estable,5,Desertó
253,26,F,2.54,80,1,0,0,Estable,2,Desertó
254,29,M,2.27,77,5,0,0,Complicada,10,Desertó
255,28,M,2.31,95,6,0,4,Estable,10,Desertó
256,23,M,3.75,94,3,1,2,Complicada,2,Estudiante
257,20,F,4.06,68,1,0,3,Complicada,7,Desertó
258,21,F,3.19,97,1,1,3,Complicada,2,Estudiante
259,29,M,3.44,89,4,0,2,Estable,6,Estudiante
260,28,F,4.06,93,4,0,0,Estable,5,Estudiante
261,21,F,2.05,91,1,0,0,Estable,4,Desertó
262,20,F,2.97,62,6,0,1,Complicada,7,Desertó
263,27,F,4.92,62,5,1,4,Estable,8,Desertó
264,20,F,3.74,87,1,0,4,Complicada,4,Estudiante
265,20,M,2.76,74,2,0,4,Estable,1,Desertó
266,21,F,3.57,82,3,1,1,Estable,1,Estudiante
267,24,M,3.03,99,5,0,4,Complicada,1,Estudiante
268,21,F,3.6,70,2,0,2,Complicada,1,Estudiante
269,26,M,2.38,91,5,0,1,Estable,5,Desertó
270,18,F,2.4,95,2,0,2,Estable,4,Desertó
271,25,M,2.43,92,3,1,1,Estable,9,Desertó
272,24,F,4.82,83,3,1,4,Complicada,3,Estudiante
273,19,M,4.2,98,4,0,2,Complicada,7,Estudiante
274,25,F,2.49,93,6,1,2,Estable,8,Desertó
275,18,M,2.57,87,2,1,2,Estable,6,Desertó
276,28,F,4.19,96,4,0,1,Complicada,10,Graduado
277,29,M,2.47,66,2,1,3,Estable,1,Desertó
278,26,M,2.7,63,4,0,4,Complicada,8,Desertó
279,26,F,4.89,96,3,1,2,Complicada,10,Graduado
280,19,F,2.77,60,5,1,3,Complicada,3,Desertó
281,24,M,3.98,60,4,1,4,Complicada,8,Desertó
282,27,F,4.94,79,2,0,4,Complicada,4,Estudiante
283,20,M,3.12,78,2,1,2,Complicada,8,Estudiante
284,24,M,2.05,88,6,0,2,Estable,1,Desertó
285,29,M,2.73,69,3,0,1,Complicada,3,Desertó
286,27,F,4.49,77,2,1,3,Complicada,6,Estudiante
287,26,M,4.59,87,1,0,3,Estable,9,Estudiante
288,21,M,4.31,94,5,1,2,Complicada,2,Estudiante
289,29,F,2.34,90,4,0,4,Estable,1,Desertó
290,18,F,4.39,86,6,0,2,Complicada,10,Graduado
291,19,F,4.76,70,5,1,4,Estable,3,Estudiante
292,18,F,3.8,97,3,1,4,Estable,4,Estudiante
293,29,M,4.82,64,6,1,2,Complicada,5,Desertó
294,22,M,4.48,67,4,1,0,Complicada,3,Desertó
295,22,M,4.0,93,4,0,3,Complicada,10,Graduado
296,28,M,3.73,71,1,0,4,Complicada,2,Estudiante
297,24,F,3.05,97,3,0,4,Estable,2,Estudiante
298,26,M,2.48,60,6,1,0,Estable,7,Desertó
299,26,M,3.81,90,6,0,1,Estable,9,Estudiante
300,20,F,2.95,63,2,1,0,Complicada,10,Desertó
301,20,M,4.6,64,1,0,0,Estable,2,Desertó
302,20,M,4.98,89,1,1,4,Complicada,7,Estudiante
303,21,M,4.26,83,6,0,3,Complicada,7,Estudiante
304,25,M,2.27,62,6,0,0,Estable,7,Desertó
305,23,M,2.87,70,5,1,1,Complicada,3,Desertó
306,25,M,2.33,63,5,0,2,Estable,7,Desertó
307,18,F,3.95,85,5,1,0,Complicada,1,Estudiante
308,25,F,4.3,86,1,0,0,Estable,10,Graduado
309,21,M,4.78,86,2,0,1,Complicada,1,Estudiante
310,28,M,3.31,65,4,1,3,Estable,5,Desertó
311,18,F,4.7,74,5,1,0,Estable,2,Estudiante
312,25,M,4.63,89,2,0,0,Complicada,9,Estudiante
313,21,M,2.95,96,3,0,3,Complicada,7,Desertó
314,23,M,4.61,96,5,0,1,Estable,4,Estudiante
315,25,F,3.13,96,4,0,0,Complicada,4,Estudiante
316,21,M,2.89,94,3,0,3,Complicada,2,Desertó
317,20,F,3.95,82,3,0,0,Complicada,5,Estudiante
318,26,M,2.99,65,4,1,2,Estable,4,Desertó
319,20,F,3.89,63,5,1,4,Estable,1,Desertó
320,26,F,3.83,77,1,1,2,Complicada,8,Estudiante
321,19,M,3.69,68,4,0,0,Complicada,3,Desertó
322,19,F,3.14,88,4,0,1,Estable,6,Estudiante
323,19,M,3.65,72,4,0,4,Complicada,4,Estudiante
324,23,F,3.79,76,3,1,2,Estable,9,Estudiante
325,20,M,3.64,91,2,1,3,Complicada,7,Estudiante
326,26,M,3.33,81,1,0,1,Complicada,9,Estudiante
327,21,F,2.04,63,5,0,2,Complicada,10,Desertó
328,18,M,3.76,64,5,1,3,Estable,3,Desertó
329,21,M,2.51,96,2,1,0,Estable,1,Desertó
330,18,F,3.93,72,4,1,3,Estable,5,Estudiante
331,22,M,4.28,93,1,0,2,Estable,3,Estudiante
332,21,M,3.5,81,5,0,2,Complicada,6,Estudiante
333,25,F,3.63,82,6,0,0,Complicada,8,Estudiante
334,25,F,4.85,62,5,1,3,Estable,4,Desertó
335,24,M,4.54,93,4,1,3,Complicada,5,Estudiante
336,20,M,4.74,91,6,0,0,Complicada,5,Estudiante
337,18,F,4.44,80,2,0,3,Estable,4,Estudiante
338,18,F,2.33,80,1,1,0,Complicada,4,Desertó
339,29,M,2.45,70,2,0,1,Complicada,4,Desertó
340,28,F,3.58,98,2,1,2,Estable,4,Estudiante
341,20,M,2.74,63,1,1,1,Complicada,4,Desertó
342,23,M,3.43,60,1,0,4,Complicada,5,Desertó
343,24,M,3.18,87,5,1,4,Complicada,2,Estudiante
344,23,M,3.65,83,5,0,4,Estable,2,Estudiante
345,23,M,4.24,94,1,1,0,Estable,9,Estudiante
346,23,F,4.15,72,6,1,3,Complicada,2,Estudiante
347,20,F,3.56,93,3,0,1,Complicada,6,Estudiante
348,23,F,4.47,70,5,1,1,Complicada,2,Estudiante
349,25,F,3.29,95,3,0,1,Estable,5,Estudiante
350,28,M,4.69,76,6,0,1,Estable,4,Estudiante
351,28,M,2.21,94,1,1,4,Estable,7,Desertó
352,19,M,4.86,77,6,0,1,Complicada,7,Estudiante
353,22,M,3.96,99,5,0,3,Complicada,6,Estudiante
354,18,F,3.14,81,2,0,4,Complicada,10,Estudiante
355,29,M,2.59,83,1,0,1,Complicada,5,Desertó
356,18,M,3.44,78,4,0,0,Complicada,1,Estudiante
357,22,F,2.58,96,3,0,2,Estable,3,Desertó
358,29,F,2.5,98,6,1,2,Complicada,9,Desertó
359,20,F,3.85,80,1,0,2,Complicada,1,Estudiante
360,21,F,3.57,67,6,1,4,Complicada,5,Desertó
361,20,M,4.01,87,1,1,1,Estable,2,Estudiante
362,18,M,4.79,64,5,0,4,Complicada,4,Desertó
363,18,F,3.6,76,5,1,3,Estable,1,Estudiante
364,29,M,3.74,96,5,1,0,Estable,3,Estudiante
365,29,M,2.27,95,6,0,0,Estable,10,Desertó
366,22,M,4.15,78,4,0,2,Estable,7,Estudiante
367,23,F,3.2,86,5,0,2,Estable,10,Estudiante
368,20,M,4.93,93,1,1,2,Complicada,3,Estudiante
369,29,F,4.47,70,5,1,1,Complicada,4,Estudiante
370,26,M,3.57,71,2,0,3,Estable,2,Estudiante
371,22,M,2.37,80,5,0,3,Estable,3,Desertó
372,25,M,4.58,70,6,1,3,Estable,9,Estudiante
373,18,F,4.4,98,4,1,3,Complicada,3,Estudiante
374,22,M,2.55,87,2,1,2,Complicada,5,Desertó
375,20,F,2.89,64,6,1,0,Estable,2,Desertó
376,29,F,4.38,76,6,0,2,Complicada,4,Estudiante
377,18,F,2.56,79,6,1,3,Complicada,7,Desertó
378,21,M,4.75,71,1,1,2,Estable,7,Estudiante
379,22,M,3.27,65,6,1,3,Estable,3,Desertó
380,24,M,2.26,76,1,1,4,Complicada,5,Desertó
381,18,M,4.45,78,6,0,0,Complicada,1,Estudiante
382,20,F,3.12,85,3,0,4,Complicada,10,Estudiante
383,19,F,3.58,91,2,1,1,Estable,10,Graduado
384,26,F,2.34,65,3,1,2,Estable,10,Desertó
385,27,M,2.01,95,6,0,1,Estable,1,Desertó
386,23,F,3.91,97,2,0,2,Complicada,5,Estudiante
387,27,M,3.55,70,2,1,4,Complicada,10,Graduado
388,20,F,3.78,92,4,1,3,Estable,9,Estudiante
389,25,M,4.38,83,3,0,3,Complicada,1,Estudiante
390,25,M,3.94,82,4,0,2,Estable,1,Estudiante
391,19,F,2.52,74,2,0,3,Complicada,4,Desertó
392,23,F,3.08,86,1,0,4,Estable,4,Estudiante
393,24,F,4.72,70,2,0,3,Complicada,2,Estudiante
394,19,F,4.31,76,4,0,4,Complicada,9,Estudiante
395,28,M,3.67,73,3,1,1,Estable,9,Estudiante
396,27,F,2.77,86,6,0,4,Estable,2,Desertó
397,19,F,2.91,77,6,0,0,Estable,9,Desertó
398,27,F,4.2,87,3,0,0,Estable,6,Estudiante
399,18,M,4.55,63,6,0,0,Estable,8,Desertó
400,25,M,4.01,66,6,1,2,Complicada,10,Desertó
401,18,F,4.43,94,4,1,2,Estable,4,Estudiante
402,26,M,4.3,68,3,0,2,Estable,2,Desertó
403,28,F,2.45,67,5,1,4,Estable,2,Desertó
404,23,M,3.27,76,1,1,2,Estable,9,Estudiante
405,24,M,2.46,76,1,1,1,Estable,1,Desertó
406,27,M,2.71,92,6,1,0,Complicada,7,Desertó
407,24,M,4.61,91,1,1,4,Estable,3,Estudiante
408,27,F,3.42,67,3,1,0,Estable,3,Desertó
409,20,F,3.61,78,3,0,2,Estable,2,Estudiante
410,19,F,2.54,97,2,0,4,Complicada,10,Desertó
411,26,M,2.94,62,2,0,3,Complicada,6,Desertó
412,25,F,2.69,64,1,0,1,Estable,10,Desertó
413,29,F,2.62,72,5,0,2,Estable,2,Desertó
414,27,F,3.91,90,2,1,2,Complicada,10,Graduado
415,24,M,2.77,75,2,0,1,Complicada,4,Desertó
416,26,M,3.9,91,3,0,1,Complicada,10,Graduado
417,21,M,2.18,81,5,1,3,Estable,9,Desertó
418,21,F,2.43,88,6,1,2,Estable,9,Desertó
419,18,F,2.82,81,1,0,2,Complicada,6,Desertó
420,25,F,3.79,62,2,1,0,Estable,4,Desertó
421,29,M,4.03,69,5,1,4,Complicada,7,Desertó
422,20,M,3.33,80,5,1,4,Complicada,1,Estudiante
423,24,F,3.34,75,1,1,0,Complicada,4,Estudiante
424,29,M,4.17,71,5,0,4,Estable,5,Estudiante
425,19,M,2.05,61,5,1,1,Complicada,8,Desertó
426,19,M,3.02,83,5,0,4,Complicada,2,Estudiante
427,24,M,4.46,94,2,0,4,Estable,5,Estudiante
428,23,F,3.81,89,1,1,0,Complicada,6,Estudiante
429,20,M,3.01,89,5,1,3,Estable,5,Estudiante
430,26,M,4.72,94,5,1,4,Complicada,9,Estudiante
431,27,M,4.32,78,2,0,4,Estable,10,Graduado
432,23,M,2.79,67,1,1,3,Complicada,1,Desertó
433,27,F,3.94,85,3,1,0,Complicada,3,Estudiante
434,27,F,3.79,99,2,1,3,Complicada,2,Estudiante
435,23,M,3.2,66,1,1,0,Complicada,3,Desertó
436,18,M,3.1,89,5,1,1,Complicada,10,Estudiante
437,21,M,3.03,66,1,0,0,Estable,9,Desertó
438,27,M,3.85,62,1,1,1,Estable,9,Desertó
439,23,M,3.33,60,6,1,1,Complicada,10,Desertó
440,23,M,4.5,95,1,1,0,Complicada,2,Estudiante
441,28,F,4.01,84,3,0,2,Complicada,3,Estudiante
442,29,M,2.21,96,1,1,0,Estable,4,Desertó
443,22,F,3.92,60,3,0,4,Estable,9,Desertó
444,18,F,2.81,74,5,0,4,Complicada,3,Desertó
445,25,M,3.78,96,3,1,2,Estable,7,Estudiante
446,22,F,4.04,72,5,1,1,Complicada,3,Estudiante
447,29,F,2.69,99,5,1,2,Complicada,7,Desertó
448,29,F,3.37,67,3,0,4,Complicada,7,Desertó
449,29,F,2.57,64,2,0,2,Estable,9,Desertó
450,22,F,2.16,68,4,0,0,Complicada,2,Desertó
451,24,F,3.14,60,1,0,2,Complicada,6,Desertó
452,21,M,3.09,95,6,0,1,Complicada,9,Estudiante
453,23,F,4.99,94,4,0,0,Estable,2,Estudiante
454,21,F,3.34,61,1,1,3,Estable,2,Desertó
455,20,F,3.0,99,1,1,4,Estable,5,Estudiante
456,24,M,3.74,82,5,0,4,Complicada,10,Graduado
457,25,F,2.27,68,1,1,2,Estable,10,Desertó
458,21,M,4.88,93,6,1,0,Complicada,10,Graduado
459,19,F,3.9,73,1,0,3,Estable,8,Estudiante
460,29,M,4.26,63,3,0,0,Complicada,9,Desertó
461,27,M,2.51,89,4,1,4,Estable,2,Desertó
462,20,F,3.23,90,3,0,0,Complicada,5,Estudiante
463,18,F,3.27,97,6,0,3,Estable,7,Estudiante
464,25,M,4.47,70,1,1,2,Estable,6,Estudiante
465,20,F,2.0,94,6,0,1,Estable,6,Desertó
466,29,M,2.9,67,5,1,0,Complicada,7,Desertó
467,27,M,4.94,62,3,1,1,Estable,3,Desertó
468,24,M,3.42,73,3,1,4,Estable,3,Estudiante
469,27,M,3.15,72,2,1,2,Estable,10,Estudiante
470,22,M,2.36,91,1,1,2,Estable,9,Desertó
471,27,F,4.92,93,5,0,0,Complicada,8,Estudiante
472,22,M,2.06,78,3,0,2,Estable,5,Desertó
473,24,M,4.21,97,3,0,0,Complicada,6,Estudiante
474,26,F,4.31,75,5,0,0,Complicada,10,Graduado
475,29,M,2.73,61,6,1,1,Complicada,1,Desertó
476,22,F,4.01,99,6,1,2,Complicada,10,Graduado
477,18,F,2.28,76,1,0,0,Estable,1,Desertó
478,27,F,2.77,93,2,1,1,Complicada,4,Desertó
479,27,M,4.36,75,3,0,3,Complicada,2,Estudiante
480,18,M,4.59,97,2,0,1,Complicada,7,Estudiante
481,19,M,3.83,61,6,0,1,Complicada,2,Desertó
482,23,F,3.52,61,6,1,0,Estable,10,Desertó
483,26,M,2.48,85,4,1,4,Estable,2,Desertó
484,25,F,2.19,72,1,1,4,Complicada,5,Desertó
485,22,M,2.35,90,4,1,4,Complicada,4,Desertó
486,18,F,2.68,93,4,0,1,Complicada,8,Desertó
487,24,M,3.03,98,4,1,0,Estable,4,Estudiante
488,22,M,3.14,62,1,1,2,Estable,6,Desertó
489,23,M,3.04,67,1,1,1,Estable,5,Desertó
490,24,F,2.72,82,5,0,1,Estable,2,Desertó
491,20,F,3.53,73,2,0,0,Estable,8,Estudiante
492,29,M,4.48,86,2,1,3,Complicada,2,Estudiante
493,27,M,2.84,88,5,1,1,Estable,9,Desertó
494,20,F,4.83,98,5,1,3,Estable,9,Estudiante
495,22,F,4.62,98,6,1,3,Complicada,3,Estudiante
496,23,F,2.49,60,4,0,4,Estable,4,Desertó
497,26,M,4.36,76,5,1,0,Estable,8,Estudiante
498,29,F,3.72,89,3,1,3,Estable,9,Estudiante
499,22,M,3.7,72,2,1,0,Complicada,3,Estudiante
500,18,F,3.17,80,5,0,4,Estable,5,Estudiante
501,21,M,3.5,78,3,0,0,Complicada,8,Estudiante
502,22,F,3.19,78,3,1,1,Complicada,3,Estudiante
503,29,F,3.62,84,3,1,3,Estable,7,Estudiante
504,27,F,3.88,81,6,1,0,Estable,8,Estudiante
505,27,F,4.02,90,6,1,2,Estable,10,Graduado
506,22,F,3.6,76,3,1,0,Estable,3,Estudiante
507,24,M,4.16,82,6,0,3,Complicada,2,Estudiante
508,21,F,2.42,91,4,0,4,Estable,10,Desertó
509,18,F,2.64,69,3,0,4,Complicada,7,Desertó
510,22,F,4.46,69,4,1,3,Complicada,9,Desertó
511,24,M,2.97,95,4,0,1,Complicada,1,Desertó
512,27,F,2.07,67,3,0,1,Complicada,3,Desertó
513,27,M,2.46,79,2,0,4,Complicada,5,Desertó
514,23,F,2.67,91,3,1,4,Estable,3,Desertó
515,22,F,4.87,73,3,1,3,Complicada,1,Estudiante
516,21,M,3.72,87,6,0,1,Complicada,7,Estudiante
517,19,F,4.8,83,3,1,4,Estable,7,Estudiante
518,21,M,3.73,74,2,0,1,Estable,10,Graduado
519,27,M,3.44,81,6,0,4,Complicada,8,Estudiante
520,27,F,2.94,89,1,0,0,Complicada,5,Desertó
521,20,M,3.82,63,1,0,2,Estable,10,Desertó
522,27,F,2.42,72,4,1,0,Complicada,5,Desertó
523,18,F,4.69,82,4,1,4,Estable,5,Estudiante
524,25,M,4.49,67,2,1,2,Estable,1,Desertó
525,22,M,2.95,77,5,1,2,Complicada,10,Desertó
526,21,M,4.86,71,1,0,4,Estable,5,Estudiante
527,25,M,4.48,90,4,1,4,Complicada,6,Estudiante
528,24,F,4.0,73,1,0,1,Complicada,1,Estudiante
529,19,F,2.37,93,2,1,4,Complicada,7,Desertó
530,18,M,3.43,77,2,1,3,Estable,1,Estudiante
531,29,F,3.52,93,5,1,4,Complicada,2,Estudiante
532,28,F,2.7,70,5,0,3,Estable,2,Desertó
533,21,F,2.24,71,6,0,4,Complicada,5,Desertó
534,25,F,4.33,74,2,0,1,Complicada,10,Graduado
535,29,M,2.37,90,4,0,3,Estable,7,Desertó
536,19,M,3.78,88,1,1,0,Complicada,1,Estudiante
537,20,F,4.81,85,3,0,3,Complicada,10,Graduado
538,29,M,4.63,77,5,0,1,Estable,1,Estudiante
539,18,M,2.83,91,3,1,3,Estable,1,Desertó
540,18,M,4.55,81,4,1,4,Estable,6,Estudiante
541,20,F,2.0,97,5,0,4,Complicada,2,Desertó
542,28,F,2.05,76,3,1,1,Estable,1,Desertó
543,22,F,3.81,82,4,0,2,Estable,6,Estudiante
544,29,M,3.09,83,1,1,4,Complicada,2,Estudiante
545,20,F,3.16,67,4,0,0,Estable,6,Desertó
546,18,F,3.69,65,6,0,1,Complicada,10,Desertó
547,18,M,2.58,64,5,0,3,Complicada,8,Desertó
548,25,F,2.64,88,2,0,3,Estable,2,Desertó
549,27,F,3.45,87,1,0,0,Complicada,9,Estudiante
550,28,M,4.26,70,3,1,4,Estable,8,Estudiante
551,29,M,3.86,60,5,0,1,Estable,10,Desertó
552,29,M,2.89,78,2,0,0,Estable,1,Desertó
553,19,F,3.29,68,4,0,4,Estable,7,Desertó
554,20,F,2.51,86,2,0,1,Complicada,10,Desertó
555,19,F,2.22,93,5,0,3,Complicada,6,Desertó
556,20,M,4.35,63,5,1,1,Estable,6,Desertó
557,24,M,2.8,95,6,1,2,Estable,6,Desertó
558,18,F,2.53,77,6,0,1,Complicada,6,Desertó
559,27,F,4.07,74,2,1,2,Estable,10,Graduado
560,25,M,3.85,72,4,0,1,Complicada,7,Estudiante
561,27,M,3.9,78,2,1,2,Estable,3,Estudiante
562,27,M,2.69,65,5,1,3,Complicada,6,Desertó
563,27,M,2.7,71,5,0,4,Complicada,3,Desertó
564,19,F,2.66,96,3,1,2,Complicada,7,Desertó
565,20,M,2.52,76,6,1,2,Estable,7,Desertó
566,26,F,3.97,82,3,0,3,Estable,8,Estudiante
567,24,F,4.54,85,1,0,2,Estable,2,Estudiante
568,21,F,4.17,88,5,1,0,Estable,9,Estudiante
569,27,M,4.38,92,3,1,3,Estable,5,Estudiante
570,22,M,3.21,86,2,1,0,Complicada,9,Estudiante
571,19,M,3.96,84,6,0,3,Complicada,10,Graduado
572,28,M,3.06,69,6,1,2,Complicada,5,Desertó
573,25,F,3.58,82,4,1,0,Complicada,7,Estudiante
574,21,M,3.44,80,2,1,2,Complicada,9,Estudiante
575,26,M,2.53,80,4,0,3,Complicada,4,Desertó
576,22,F,3.16,72,3,0,2,Complicada,2,Estudiante
577,26,M,4.89,96,1,0,0,Estable,9,Estudiante
578,21,F,2.75,92,2,0,0,Complicada,2,Desertó
579,27,F,2.4,83,2,1,2,Estable,3,Desertó
580,22,F,3.26,70,2,0,1,Complicada,10,Estudiante
581,26,F,4.37,76,4,1,3,Complicada,2,Estudiante
582,25,F,3.75,63,3,1,3,Estable,3,Desertó
583,20,F,4.04,84,2,1,2,Complicada,6,Estudiante
584,18,F,2.57,89,2,1,1,Estable,3,Desertó
585,20,F,3.86,68,6,0,0,Complicada,10,Desertó
586,21,M,2.97,80,1,0,4,Estable,8,Desertó
587,19,M,4.5,79,6,0,4,Complicada,6,Estudiante
588,18,M,3.89,78,6,0,2,Estable,7,Estudiante
589,24,M,2.6,78,1,0,1,Estable,1,Desertó
590,25,F,2.19,71,3,1,1,Complicada,3,Desertó
591,24,M,2.13,96,6,0,3,Complicada,3,Desertó
592,22,F,3.11,76,3,0,0,Estable,2,Estudiante
593,29,M,2.8,96,6,0,1,Complicada,7,Desertó
594,18,M,3.94,98,5,0,4,Estable,9,Estudiante
595,24,M,3.5,87,1,1,0,Complicada,4,Estudiante
596,24,F,2.8,94,6,1,0,Estable,5,Desertó
597,26,M,2.45,77,5,1,2,Complicada,3,Desertó
598,20,F,2.38,73,4,1,1,Estable,9,Desertó
599,26,F,4.59,94,5,1,2,Complicada,4,Estudiante
600,18,M,2.73,66,2,0,1,Estable,5,Desertó
601,18,M,3.96,72,6,1,3,Estable,1,Estudiante
602,21,M,4.43,77,5,1,2,Complicada,2,Estudiante
603,26,F,3.84,96,3,1,2,Complicada,9,Estudiante
604,23,M,4.58,72,4,0,4,Estable,2,Estudiante
605,28,F,3.18,95,6,0,2,Estable,5,Estudiante
606,20,F,4.87,90,2,1,1,Estable,8,Estudiante
607,18,M,2.4,61,5,0,4,Estable,3,Desertó
608,21,M,2.31,75,4,0,2,Complicada,6,Desertó
609,29,F,3.98,68,6,1,2,Estable,4,Desertó
610,26,F,4.83,68,4,0,3,Estable,7,Desertó
611,20,F,4.43,97,2,0,2,Estable,10,Graduado
612,29,M,2.23,70,5,0,0,Complicada,3,Desertó
613,26,F,2.84,81,4,1,4,Estable,6,Desertó
614,24,M,4.79,92,4,1,0,Complicada,10,Graduado
615,29,F,2.76,95,1,1,4,Complicada,9,Desertó
616,21,F,4.34,82,4,0,3,Complicada,10,Graduado
617,20,M,4.48,93,1,1,2,Complicada,1,Estudiante
618,27,F,3.49,68,5,0,2,Complicada,3,Desertó
619,22,M,3.16,83,6,0,2,Complicada,2,Estudiante
620,22,M,3.35,67,6,0,4,Complicada,8,Desertó
621,20,F,2.68,66,5,1,2,Estable,7,Desertó
622,29,M,4.67,95,5,1,0,Estable,2,Estudiante
623,26,M,3.35,77,3,1,2,Complicada,6,Estudiante
624,21,F,4.65,62,5,1,3,Estable,3,Desertó
625,28,M,2.32,87,4,0,0,Estable,8,Desertó
626,22,M,4.96,65,6,1,2,Complicada,10,Desertó
627,21,M,3.33,80,2,0,2,Estable,3,Estudiante
628,22,F,2.14,87,6,1,1,Complicada,10,Desertó
629,24,M,2.11,99,1,1,4,Estable,9,Desertó
630,26,F,4.24,60,6,1,0,Complicada,1,Desertó
631,24,F,3.98,95,3,0,1,Complicada,5,Estudiante
632,22,M,4.41,80,5,0,3,Estable,3,Estudiante
633,27,M,2.32,94,5,0,4,Estable,6,Desertó
634,27,M,2.11,72,6,0,0,Complicada,10,Desertó
635,24,F,3.53,69,2,0,2,Complicada,2,Desertó
636,27,M,3.16,69,2,1,0,Complicada,9,Desertó
637,22,M,3.39,72,3,0,2,Estable,6,Estudiante
638,20,M,4.97,96,1,0,4,Estable,7,Estudiante
639,24,M,4.91,97,6,0,2,Estable,5,Estudiante
640,28,M,4.83,83,5,0,3,Estable,9,Estudiante
641,28,F,4.35,61,6,1,2,Complicada,1,Desertó
642,19,F,3.06,81,3,0,3,Complicada,5,Estudiante
643,29,M,3.24,76,4,1,4,Complicada,10,Estudiante
644,26,M,3.65,95,4,1,4,Complicada,6,Estudiante
645,27,M,4.49,73,3,1,0,Estable,7,Estudiante
646,27,M,2.21,69,5,0,3,Complicada,4,Desertó
647,29,F,3.27,94,3,1,3,Complicada,1,Estudiante
648,18,M,2.25,84,5,0,1,Estable,8,Desertó
649,23,F,3.54,62,2,0,1,Estable,10,Desertó
650,24,F,4.7,97,3,0,1,Complicada,4,Estudiante
651,25,M,4.35,76,5,0,2,Estable,3,Estudiante
652,27,F,2.68,71,3,0,1,Complicada,7,Desertó
653,26,F,4.93,83,3,1,3,Estable,2,Estudiante
654,19,F,4.0,88,5,1,2,Estable,8,Estudiante
655,28,F,2.03,84,5,0,4,Complicada,6,Desertó
656,27,M,2.77,95,1,1,0,Estable,7,Desertó
657,19,M,2.78,85,3,0,1,Complicada,5,Desertó
658,22,F,2.21,97,4,1,4,Estable,9,Desertó
659,22,M,4.88,60,3,1,3,Estable,5,Desertó
660,23,M,3.43,79,3,1,0,Estable,5,Estudiante
661,20,M,4.69,87,5,1,4,Estable,3,Estudiante
662,25,M,2.97,75,3,1,0,Estable,1,Desertó
663,18,M,2.38,76,6,0,1,Complicada,2,Desertó
664,23,F,3.42,99,3,0,3,Estable,8,Estudiante
665,21,M,2.34,87,6,1,0,Complicada,1,Desertó
666,18,M,3.46,71,4,0,4,Estable,7,Estudiante
667,24,M,4.76,86,5,1,1,Complicada,5,Estudiante
668,26,M,3.56,89,3,0,1,Estable,3,Estudiante
669,21,F,3.85,93,6,1,4,Complicada,7,Estudiante
670,21,F,2.47,96,6,1,4,Complicada,9,Desertó
671,23,F,2.13,65,6,1,0,Estable,2,Desertó
672,29,F,2.33,66,2,0,2,Estable,8,Desertó
673,20,M,3.8,91,1,0,1,Estable,9,Estudiante
674,29,F,2.29,91,4,1,0,Complicada,3,Desertó
675,23,M,3.13,84,3,1,4,Complicada,2,Estudiante
676,24,M,3.65,92,2,0,0,Estable,7,Estudiante
677,28,M,3.17,66,3,0,4,Estable,5,Desertó
678,27,M,2.49,71,3,0,3,Complicada,5,Desertó
679,27,M,2.82,75,5,0,4,Complicada,10,Desertó
680,20,F,4.78,75,5,0,4,Estable,5,Estudiante
681,24,F,4.03,95,5,1,4,Complicada,4,Estudiante
682,20,F,3.49,72,2,0,2,Estable,5,Estudiante
683,19,F,2.04,66,3,1,4,Estable,4,Desertó
684,29,M,4.98,95,1,1,1,Estable,6,Estudiante
685,27,F,4.01,68,4,0,1,Complicada,4,Desertó
686,21,M,2.95,91,5,0,0,Complicada,2,Desertó
687,29,F,4.64,70,5,1,2,Complicada,9,Estudiante
688,25,M,2.78,67,3,0,0,Complicada,2,Desertó
689,26,M,3.63,92,3,1,1,Estable,9,Estudiante
690,24,F,3.91,82,2,0,1,Complicada,10,Graduado
691,18,M,2.66,84,2,0,3,Estable,6,Desertó
692,20,M,4.94,67,5,0,4,Estable,9,Desertó
693,29,F,4.24,81,3,1,1,Estable,9,Estudiante
694,26,M,3.67,63,1,0,0,Complicada,3,Desertó
695,29,F,2.54,99,4,1,0,Estable,1,Desertó
696,18,F,2.16,62,3,0,4,Estable,1,Desertó
697,26,F,2.96,88,3,1,4,Complicada,3,Desertó
698,25,M,4.26,88,6,0,3,Estable,5,Estudiante
699,18,M,2.81,93,2,1,2,Complicada,3,Desertó
700,23,M,3.62,93,4,1,0,Complicada,9,Estudiante
701,22,F,4.18,87,5,1,4,Complicada,9,Estudiante
702,23,M,2.32,72,3,1,0,Estable,3,Desertó
703,27,F,4.06,74,5,1,4,Complicada,3,Estudiante
704,29,F,2.28,82,3,1,1,Complicada,5,Desertó
705,22,M,4.9,85,5,0,0,Complicada,2,Estudiante
706,23,F,3.47,63,4,1,1,Complicada,6,Desertó
707,22,M,2.45,85,2,1,0,Estable,7,Desertó
708,28,M,3.03,99,4,1,2,Complicada,9,Estudiante
709,29,M,3.24,68,6,0,3,Estable,6,Desertó
710,22,M,4.27,64,1,0,1,Complicada,3,Desertó
711,21,M,4.23,91,2,0,4,Estable,5,Estudiante
712,20,F,3.84,79,4,1,2,Complicada,4,Estudiante
713,20,F,2.32,70,6,0,0,Estable,5,Desertó
714,21,F,2.45,74,1,0,1,Complicada,8,Desertó
715,26,M,2.28,91,6,1,0,Estable,8,Desertó
716,19,M,3.73,87,3,1,0,Estable,6,Estudiante
717,26,M,4.63,81,3,0,0,Estable,1,Estudiante
718,18,F,3.3,76,5,1,3,Complicada,8,Estudiante
719,18,M,2.48,85,2,1,3,Estable,8,Desertó
720,22,F,3.67,66,3,1,4,Estable,2,Desertó
721,23,F,4.44,85,6,1,1,Estable,4,Estudiante
722,23,M,4.23,84,2,0,2,Estable,2,Estudiante
723,20,M,4.64,69,3,1,2,Complicada,4,Desertó
724,24,F,2.83,78,5,0,2,Estable,10,Desertó
725,26,M,2.58,70,4,0,0,Estable,7,Desertó
726,28,F,4.64,72,5,0,3,Estable,9,Estudiante
727,29,M,3.97,67,1,0,1,Complicada,8,Desertó
728,27,M,2.93,99,3,1,0,Estable,9,Desertó
729,25,F,4.23,63,1,1,3,Estable,8,Desertó
730,23,M,4.45,90,1,1,3,Estable,2,Estudiante
731,29,F,3.84,87,6,0,1,Estable,7,Estudiante
732,25,M,4.06,70,2,0,1,Complicada,2,Estudiante
733,29,F,3.13,60,6,0,1,Estable,2,Desertó
734,22,F,3.62,97,3,1,0,Estable,4,Estudiante
735,25,M,3.57,83,1,0,4,Complicada,1,Estudiante
736,27,F,4.54,90,4,1,1,Complicada,5,Estudiante
737,29,M,4.52,85,1,1,4,Complicada,6,Estudiante
738,21,M,4.5,64,4,1,0,Estable,9,Desertó
739,27,M,2.03,79,6,1,4,Complicada,10,Desertó
740,25,F,4.25,70,6,0,2,Estable,8,Estudiante
741,27,F,4.28,92,2,1,4,Complicada,2,Estudiante
742,29,M,4.04,97,1,0,1,Estable,1,Estudiante
743,19,M,4.27,86,5,1,0,Complicada,2,Estudiante
744,29,F,4.53,93,6,0,1,Estable,7,Estudiante
745,29,M,3.41,74,6,0,2,Complicada,4,Estudiante
746,22,M,3.51,91,2,1,1,Estable,10,Graduado
747,26,F,2.37,80,4,1,1,Estable,5,Desertó
748,21,M,3.16,64,2,1,1,Estable,7,Desertó
749,28,F,3.93,65,1,0,3,Estable,3,Desertó
750,23,M,4.34,97,3,1,2,Estable,10,Graduado
751,18,F,2.65,81,3,1,1,Estable,2,Desertó
752,26,M,2.41,77,4,0,1,Estable,7,Desertó
753,18,M,3.99,73,6,1,1,Estable,5,Estudiante
754,22,F,2.01,69,4,0,0,Complicada,1,Desertó
755,21,M,2.54,72,6,1,3,Estable,1,Desertó
756,29,F,2.09,90,6,0,0,Estable,9,Desertó
757,20,M,2.5,89,3,0,3,Complicada,5,Desertó
758,23,F,2.54,62,4,1,1,Estable,1,Desertó
759,19,F,3.16,89,2,0,2,Complicada,7,Estudiante
760,20,F,3.21,65,6,1,4,Estable,9,Desertó
761,22,F,4.62,88,5,1,4,Complicada,1,Estudiante
762,26,M,3.53,67,5,0,1,Complicada,10,Desertó
763,19,M,4.17,92,2,1,0,Estable,4,Estudiante
764,27,F,2.31,76,5,0,2,Complicada,3,Desertó
765,25,F,2.68,70,1,0,3,Estable,5,Desertó
766,19,F,4.11,72,6,0,1,Estable,7,Estudiante
767,28,M,2.16,70,2,0,2,Estable,8,Desertó
768,22,M,3.46,90,4,0,2,Estable,2,Estudiante
769,24,M,3.8,87,6,0,3,Complicada,7,Estudiante
770,25,M,3.81,65,2,0,2,Estable,1,Desertó
771,18,F,2.07,75,3,0,0,Complicada,7,Desertó
772,23,F,2.97,63,4,1,0,Complicada,8,Desertó
773,18,F,3.91,94,3,1,0,Estable,2,Estudiante
774,19,M,2.45,85,6,0,2,Estable,9,Desertó
775,18,M,4.09,71,4,1,0,Estable,1,Estudiante
776,28,M,4.24,70,5,1,3,Estable,6,Estudiante
777,22,F,4.95,96,2,1,2,Complicada,1,Estudiante
778,27,F,2.63,84,6,1,4,Estable,3,Desertó
779,26,M,4.48,77,1,1,2,Complicada,6,Estudiante
780,23,F,3.56,78,4,1,3,Estable,3,Estudiante
781,28,M,3.12,82,4,0,4,Estable,8,Estudiante
782,28,M,2.37,97,6,1,2,Estable,5,Desertó
783,18,F,4.21,77,6,1,0,Estable,2,Estudiante
784,18,M,2.71,85,3,1,1,Complicada,4,Desertó
785,19,F,3.11,65,5,1,1,Complicada,9,Desertó
786,26,M,2.19,63,3,0,0,Estable,4,Desertó
787,20,F,4.4,88,3,0,1,Complicada,10,Graduado
788,18,F,4.3,93,5,0,1,Complicada,10,Graduado
789,22,F,4.2,76,1,0,0,Estable,8,Estudiante
790,24,M,2.9,75,3,1,0,Estable,5,Desertó
791,23,M,2.52,61,3,0,2,Complicada,10,Desertó
792,29,F,3.91,93,4,0,2,Complicada,1,Estudiante
793,18,F,3.49,67,5,0,0,Complicada,7,Desertó
794,22,M,2.53,72,2,0,3,Complicada,3,Desertó
795,22,M,4.06,67,1,1,1,Estable,10,Desertó
796,23,M,4.97,89,1,0,2,Estable,8,Estudiante
797,20,F,4.24,91,5,1,1,Complicada,3,Estudiante
798,22,M,4.22,95,6,0,4,Estable,1,Estudiante
799,24,M,4.85,89,6,1,0,Complicada,5,Estudiante
800,22,F,2.61,60,4,1,3,Complicada,2,Desertó
801,22,M,3.7,98,4,0,4,Estable,4,Estudiante
802,22,M,4.94,76,5,0,4,Complicada,1,Estudiante
803,27,M,2.5,79,4,0,4,Complicada,9,Desertó
804,27,F,4.1,83,1,0,0,Estable,6,Estudiante
805,20,F,3.76,81,1,1,2,Estable,8,Estudiante
806,18,F,3.76,88,2,1,0,Complicada,4,Estudiante
807,22,F,4.09,81,6,0,2,Complicada,9,Estudiante
808,26,F,4.79,68,5,0,4,Estable,2,Desertó
809,18,F,4.35,96,3,1,4,Complicada,9,Estudiante
810,20,F,2.17,69,6,0,3,Complicada,5,Desertó
811,21,M,4.56,95,3,1,2,Estable,6,Estudiante
812,18,M,2.68,96,2,0,4,Estable,3,Desertó
813,18,F,3.13,87,2,1,1,Estable,4,Estudiante
814,25,M,3.39,87,4,1,3,Estable,6,Estudiante
815,19,M,3.44,80,2,1,0,Estable,7,Estudiante
816,29,F,3.31,83,2,1,3,Estable,1,Estudiante
817,25,M,4.81,99,3,1,1,Complicada,7,Estudiante
818,24,M,4.12,61,4,0,2,Complicada,1,Desertó
819,27,M,3.89,67,2,1,0,Estable,5,Desertó
820,27,M,2.15,86,6,0,0,Estable,6,Desertó
821,19,M,4.71,81,2,1,2,Complicada,2,Estudiante
822,23,F,4.73,96,4,1,3,Complicada,10,Graduado
823,23,F,4.34,86,5,0,4,Complicada,9,Estudiante
824,20,F,2.02,88,4,0,3,Estable,10,Desertó
825,28,M,2.17,62,3,0,1,Estable,6,Desertó
826,19,F,2.68,72,5,0,4,Complicada,7,Desertó
827,29,M,2.39,69,6,1,3,Estable,10,Desertó
828,18,M,3.2,95,1,0,2,Estable,8,Estudiante
829,23,M,4.77,68,4,1,1,Estable,10,Desertó
830,29,M,3.42,86,3,0,1,Complicada,1,Estudiante
831,22,F,2.04,93,6,0,1,Complicada,8,Desertó
832,28,F,2.85,60,5,1,4,Estable,4,Desertó
833,26,M,2.13,91,6,1,0,Estable,10,Desertó
834,18,F,2.11,84,4,0,4,Estable,8,Desertó
835,24,M,2.83,88,2,1,3,Estable,6,Desertó
836,22,F,2.83,66,4,1,0,Estable,9,Desertó
837,22,F,4.36,62,1,1,3,Complicada,4,Desertó
838,19,M,4.92,79,4,1,0,Estable,2,Estudiante
839,28,F,3.11,79,5,1,4,Estable,2,Estudiante
840,20,M,3.29,89,5,1,1,Estable,5,Estudiante
841,24,F,4.53,94,4,1,2,Complicada,10,Graduado
842,23,M,2.8,94,5,1,1,Complicada,9,Desertó
843,29,M,2.47,98,2,0,4,Estable,3,Desertó
844,19,F,4.56,86,6,1,0,Complicada,8,Estudiante
845,23,F,2.14,85,4,0,1,Complicada,4,Desertó
846,19,M,3.86,73,2,1,4,Complicada,6,Estudiante
847,19,F,3.69,76,6,1,3,Complicada,10,Graduado
848,19,F,3.04,77,6,1,2,Complicada,6,Estudiante
849,28,M,2.95,88,2,1,1,Complicada,3,Desertó
850,20,M,4.32,79,3,0,0,Estable,5,Estudiante
851,19,F,2.26,86,4,0,3,Complicada,3,Desertó
852,21,M,2.71,77,6,1,4,Complicada,1,Desertó
853,26,M,4.2,63,6,0,2,Estable,7,Desertó
854,23,M,3.64,60,5,1,0,Estable,4,Desertó
855,18,F,2.38,60,6,1,4,Estable,7,Desertó
856,25,F,4.65,85,2,0,4,Estable,3,Estudiante
857,29,M,3.18,79,6,0,1,Complicada,5,Estudiante
858,24,F,4.48,82,3,1,1,Complicada,5,Estudiante
859,27,M,4.36,69,4,1,0,Complicada,2,Desertó
860,20,F,3.87,70,4,0,4,Complicada,10,Graduado
861,18,M,3.48,64,6,1,1,Estable,2,Desertó
862,22,M,4.94,60,1,0,2,Complicada,4,Desertó
863,21,F,2.43,76,1,1,2,Complicada,4,Desertó
864,27,M,4.18,81,2,1,4,Estable,4,Estudiante
865,25,F,2.57,93,1,0,1,Complicada,6,Desertó
866,18,F,3.01,88,2,0,0,Complicada,2,Estudiante
867,27,M,2.93,63,5,0,0,Complicada,6,Desertó
868,18,M,4.84,64,2,1,0,Complicada,7,Desertó
869,29,F,4.9,70,1,1,2,Estable,10,Graduado
870,21,M,2.55,80,6,1,1,Estable,3,Desertó
871,25,M,2.07,94,5,1,1,Estable,8,Desertó
872,22,M,4.16,71,1,0,2,Estable,2,Estudiante
873,19,M,3.25,85,2,1,0,Estable,8,Estudiante
874,23,M,2.27,78,3,1,0,Complicada,5,Desertó
875,22,F,4.05,66,4,1,4,Complicada,2,Desertó
876,19,F,3.64,66,1,0,3,Estable,7,Desertó
877,28,M,4.94,85,2,1,1,Estable,2,Estudiante
878,28,M,2.68,99,5,1,1,Estable,6,Desertó
879,28,M,3.21,64,1,0,1,Complicada,10,Desertó
880,20,F,3.63,80,1,1,3,Estable,3,Estudiante
881,26,M,4.38,73,4,1,4,Complicada,9,Estudiante
882,24,F,3.65,63,2,0,3,Complicada,3,Desertó
883,24,F,3.84,82,3,1,0,Complicada,3,Estudiante
884,28,F,2.68,79,5,1,0,Complicada,5,Desertó
885,23,M,4.54,74,2,1,1,Estable,7,Estudiante
886,25,F,3.29,88,5,0,2,Complicada,8,Estudiante
887,21,M,2.42,67,1,1,1,Complicada,7,Desertó
888,25,F,3.99,78,4,1,2,Estable,9,Estudiante
889,21,M,2.65,98,4,0,3,Complicada,5,Desertó
890,25,F,2.29,87,6,0,0,Complicada,10,Desertó
891,26,M,4.59,86,3,1,2,Complicada,3,Estudiante
892,20,F,3.38,63,4,1,3,Estable,6,Desertó
893,20,M,4.25,74,1,1,0,Complicada,5,Estudiante
894,28,M,2.87,94,3,1,2,Complicada,4,Desertó
895,19,M,4.36,96,2,0,1,Estable,2,Estudiante
896,27,M,2.34,60,4,1,1,Estable,7,Desertó
897,20,F,3.07,62,3,0,1,Complicada,5,Desertó
898,20,F,4.93,83,1,0,3,Complicada,4,Estudiante
899,22,M,4.38,86,6,1,1,Estable,8,Estudiante
900,22,F,3.49,99,5,1,4,Complicada,9,Estudiante
901,19,M,3.02,95,5,0,0,Estable,9,Estudiante
902,29,M,4.62,93,1,0,3,Complicada,3,Estudiante
903,27,F,3.63,88,1,1,1,Estable,3,Estudiante
904,23,M,4.28,83,5,0,0,Complicada,5,Estudiante
905,22,M,4.26,83,6,1,2,Estable,5,Estudiante
906,23,F,2.05,63,3,1,1,Estable,10,Desertó
907,18,M,2.38,62,5,0,0,Estable,2,Desertó
908,22,M,3.98,93,1,0,4,Estable,1,Estudiante
909,26,M,2.48,82,4,1,2,Estable,8,Desertó
910,29,M,2.77,82,2,0,4,Complicada,3,Desertó
911,27,F,4.84,64,6,1,0,Complicada,1,Desertó
912,19,F,3.68,90,6,1,4,Estable,1,Estudiante
913,18,F,4.25,65,4,1,0,Complicada,2,Desertó
914,27,M,3.67,96,4,0,0,Complicada,6,Estudiante
915,28,M,3.66,69,1,1,4,Complicada,6,Desertó
916,26,F,2.28,99,5,1,0,Complicada,3,Desertó
917,27,M,3.03,66,3,1,1,Complicada,4,Desertó
918,26,M,2.85,98,6,1,0,Complicada,2,Desertó
919,26,M,3.17,97,6,1,3,Estable,2,Estudiante
920,23,M,4.4,80,4,1,0,Complicada,7,Estudiante
921,25,F,3.12,79,5,1,3,Complicada,1,Estudiante
922,28,F,3.36,62,6,1,0,Complicada,7,Desertó
923,18,F,3.19,81,3,1,0,Estable,1,Estudiante
924,27,M,2.28,63,4,1,4,Complicada,6,Desertó
925,21,F,3.32,87,3,1,1,Complicada,3,Estudiante
926,18,F,2.59,71,5,0,1,Complicada,8,Desertó
927,25,M,2.56,97,6,1,2,Estable,6,Desertó
928,18,M,2.28,95,2,1,4,Complicada,2,Desertó
929,20,F,3.07,64,6,1,4,Estable,8,Desertó
930,21,F,4.27,72,5,0,1,Complicada,5,Estudiante
931,25,F,2.83,82,6,1,4,Estable,8,Desertó
932,23,F,2.94,89,6,0,1,Estable,8,Desertó
933,27,M,3.93,96,1,1,4,Estable,6,Estudiante
934,29,F,2.59,84,6,1,0,Complicada,2,Desertó
935,24,F,4.69,86,6,0,1,Estable,8,Estudiante
936,25,M,3.56,73,3,1,1,Estable,6,Estudiante
937,19,F,3.34,95,2,0,3,Estable,6,Estudiante
938,27,M,3.67,98,3,0,4,Estable,8,Estudiante
939,28,M,2.5,75,3,1,4,Complicada,1,Desertó
940,25,M,3.84,81,4,1,1,Complicada,2,Estudiante
941,20,F,3.09,80,1,1,0,Complicada,9,Estudiante
942,24,F,4.69,80,3,1,0,Complicada,8,Estudiante
943,20,M,2.51,67,5,0,0,Estable,7,Desertó
944,24,F,3.52,75,5,0,4,Complicada,7,Estudiante
945,28,F,3.79,90,6,1,3,Estable,5,Estudiante
946,29,M,2.1,69,4,0,1,Complicada,2,Desertó
947,19,M,3.09,91,1,0,2,Complicada,6,Estudiante
948,27,F,4.2,93,1,1,3,Complicada,10,Graduado
949,23,M,4.46,68,6,0,2,Estable,3,Desertó
950,20,F,2.94,76,5,0,3,Complicada,4,Desertó
951,20,F,4.4,70,2,1,0,Complicada,10,Graduado
952,26,F,4.9,91,4,0,4,Complicada,2,Estudiante
953,24,F,4.57,69,6,1,2,Estable,2,Desertó
954,22,M,2.35,81,4,0,3,Complicada,8,Desertó
955,29,M,4.22,76,5,1,4,Complicada,8,Estudiante
956,27,M,2.96,63,5,0,2,Estable,10,Desertó
957,24,M,4.97,84,2,0,1,Estable,6,Estudiante
958,26,F,3.46,80,2,1,3,Complicada,5,Estudiante
959,18,F,2.37,96,1,1,1,Complicada,8,Desertó
960,24,M,4.18,97,4,1,0,Complicada,4,Estudiante
961,23,F,2.97,60,4,1,1,Estable,4,Desertó
962,27,F,4.99,84,5,0,1,Estable,5,Estudiante
963,29,F,4.94,95,1,0,3,Estable,1,Estudiante
964,26,M,3.97,76,6,0,0,Complicada,1,Estudiante
965,18,M,2.39,83,4,1,1,Estable,2,Desertó
966,21,M,4.06,61,1,0,4,Complicada,8,Desertó
967,26,F,2.28,99,1,0,2,Estable,7,Desertó
968,21,M,2.09,74,5,1,1,Estable,10,Desertó
969,27,M,4.47,91,1,1,0,Estable,9,Estudiante
970,20,M,2.63,98,2,0,1,Complicada,5,Desertó
971,26,M,3.14,65,2,1,2,Complicada,2,Desertó
972,19,M,4.92,60,3,0,0,Complicada,7,Desertó
973,21,M,3.01,82,5,0,3,Complicada,8,Estudiante
974,23,F,2.89,98,6,1,0,Estable,7,Desertó
975,19,F,4.75,76,3,0,3,Complicada,7,Estudiante
976,25,M,2.33,93,2,1,0,Estable,5,Desertó
977,25,M,4.28,88,3,1,2,Complicada,2,Estudiante
978,18,F,4.96,68,5,0,2,Complicada,6,Desertó
979,29,F,4.7,72,5,0,0,Estable,4,Estudiante
980,20,M,3.96,65,1,0,1,Estable,10,Desertó
981,27,M,2.94,65,4,1,2,Complicada,2,Desertó
982,26,M,2.76,79,1,0,3,Complicada,9,Desertó
983,22,M,4.46,62,5,1,3,Estable,7,Desertó
984,23,F,4.64,76,2,1,4,Estable,6,Estudiante
985,21,M,3.58,71,6,0,3,Estable,5,Estudiante
986,27,M,2.73,60,2,1,4,Estable,3,Desertó
987,19,M,2.34,76,1,0,0,Estable,10,Desertó
988,28,M,2.26,62,6,0,0,Complicada,10,Desertó
989,25,F,4.16,85,5,0,0,Complicada,4,Estudiante
990,28,F,3.26,74,2,0,1,Complicada,3,Estudiante
991,23,F,4.72,95,5,0,1,Complicada,8,Estudiante
992,22,M,4.22,91,6,0,4,Estable,3,Estudiante
993,26,M,2.57,91,6,0,3,Estable,7,Desertó
994,18,F,3.84,63,2,1,3,Estable,7,Desertó
995,22,M,3.31,77,5,0,0,Complicada,7,Estudiante
996,23,M,3.73,78,3,1,2,Estable,7,Estudiante
997,22,F,4.21,94,5,1,1,Estable,2,Estudiante
998,23,F,4.42,99,6,1,1,Complicada,10,Graduado
999,23,F,4.53,73,5,0,0,Complicada,3,Estudiante
1000,24,F,2.76,92,1,1,1,Complicada,10,Desertó
